Transportation Service Provider Name:,,,,ANR Pipeline Company,,,,,,,,,,,,,,,
Transportation Service Provider:,,,,6958581,,,,,,,,,,,,,,,
Transporation Service Provider FERC CID:,,,,C000623,,,,,,,,,,,,,,,
,,,,,,,,,,,,,,,,,,,
Location Name,Loc,Loc St Abbrev,Loc Cnty,Loc Zone,Loc Type Ind,Dir Flo,Loc Stat Ind,Eff Date,,Inact Date,Up/Dn Ind,Up/Dn Name,Up/Dn ID,Up/Dn ID Prop,Up/Dn Loc Name,Up/Dn Loc,Up/Dn FERC CID IND,Up/Dn FERC CID,Update Date/Time
ABBOTSFORD/EDGAR,28759,WI,Marathon,Zone 7,LDC,D,A,1/1/83,,,N,Wisconsin Gas LLC,7947047,,,,N,,20181211 10:16
ACADIA 2 INT DEL,523091,LA,Acadia,Zone 1,INT,R,A,6/1/09,,,Y,Kinder Morgan Louisiana,809611911,,ANR/KMLP Acadia,44395,Y,C000231,20190306 12:02
ACADIA 2 INT REC,767091,LA,Acadia,Zone 1,INT,R,A,6/1/09,,,Y,Kinder Morgan Louisiana,809611911,,ANR/KMLP Acadia,44395,Y,C000231,20190221 8:16
ACADIA POWER PLANT,322045,LA,Acadia,Zone 1,END,D,A,2/25/09,,,N,Cleco Power,6948178,,,,N,,20100816 10:02
ADAMS WI,28865,WI,Waushara,Zone 7,LDC,D,A,1/1/83,,,N,Wisconsin Gas LLC,7947047,,,,N,,20190311 14:32
ADRIAN/WESTSIDE PL CO,150409,MI,Lenawee,Zone 7,INT,D,A,6/1/93,,,N,Westside Pipeline Company,874457641,,,,N,,20160414 05:08
ALBANY,12977,MO,Gentry,Zone 6,LDC,D,A,1/1/83,,,N,Albany City Of,46334660,,,,N,,20180812 5:08
ALCAN ALUMINUM INT,40462,KY,Webster,Zone 3,END,D,A,9/27/13,,,N,Alcan Ingot DBA,130402258,,,,N,,20180812 5:07
ALDEN/WILLIAMS NAT GAS,5751,KS,Rice,Zone 5,INT,R,A,8/17/84,,,Y,"Southern Star Cenral Gas Pipeline, Inc",7906233,,ANR Alden,35515,Y,C000374,20160718 13:46
ALEDO/CITY OF ALEDO,3973,IL,Mercer,Zone 6,LDC,D,A,1/1/83,,,N,Aledo/City of Ale,95787032,,,,N,,20170607 12:46
ALLEN PLANT,505606,TN,Shelby,Zone 2,LDC,D,A,10/23/17,,,N,Tenn Valley Authority,1883032,,,,N,,20171023 16:20
ALLERTON,4857,IA,Wayne,Zone 6,LDC,D,A,1/1/83,,,N,Allerton Gas Company,22005821,,,,N,,20160718 13:32
ALLIANCE/ANR INT,277072,IL,Will,Zone 7,INT,R,A,4/28/00,,,Y,Alliance Pipeline LTD,253846620,,Alliance/ANR,IL05,Y,C000118,20180423 15:16
ALPENA DEL/MICH CON GAS,40832,MI,Clare,Zone 7,INT,D,A,1/1/83,,,N,DTE Gas Company,6958540,,,,N,,20180720 12:46
ALPENA REC/MICH CON GAS,3026,MI,Clare,Zone 7,LDC,R,A,4/11/88,,,N,DTE Gas Company,6958540,,,,N,,20180720 12:46
ALTA VISTA/CITY OF AV,5227,KS,Geary,Zone 5,LDC,D,A,1/1/83,,,N,Kansas Gas SVCS (One Gas),504804202,,,,N,,20180812 5:08
AMHERST/WISC PWR & LIGHT,28796,WI,Portage,Zone 7,LDC,D,A,1/1/83,,,N,Wisconsin Power & Lght,7946452,,,,N,,20160408 09:01
ANDOVER,3796,IL,Mercer,Zone 6,LDC,D,A,1/1/83,,,N,Ameren Illinois Company,6936017,,,,N,,20170607 12:46
ANGELICA INT,266892,WI,Shawano,Zone 7,LDC,D,A,10/15/99,,,N,Wisconsin Gas LLC,7947047,,,,N,,20150707 12:02
ANGOLA,40185,IN,De Kalb,Zone 7,LDC,D,A,1/1/83,,,N,NIPSCO,6937585,,,,N,,20190321 13:16
ANR JOLIET HUB,243097,IL,Will,Zone 7,PPT,B,A,5/1/98,,,N,ANR Pipeline Company,6958581,,,,Y,C000623,20020913 07:18
ANR/GPM INT-LAVERNE,217541,OK,Harper,Zone 4,INT,D,A,12/7/99,,,N,DCP Midstream,3048753,,,,N,,20020913 7:18
ANRPL STORAGE FACILITIES,153808,MI,Osceola,Zone 7,STR,B,A,1/1/90,,,N,ANR Pipeline Company,6958581,,,,Y,C000623,20110329 7:23
ANRSCO - RAPID RIVER,1260985,MI,Kalkaska,Zone 7,STA,B,A,12/1/12,,,N,ANR Pipeline Company,6958581,,,,Y,C000623,20121203 07:08
ANTIGO,28730,WI,Langlade,Zone 7,LDC,D,A,1/1/83,,,N,City Gas Co,3776457,,,,N,,20191211 10:16
ANTRIM PLANT,177238,MI,Otsego,Zone 7,PLT,R,A,4/1/13,,,N,DTE Gas Company,6959540,,,,N,,20141114 14:16
APPLETON,28870,WI,Winnebago,Zone 7,LDC,D,A,1/1/83,,,N,Wisconsin Electric Power,7947385,,,,N,,20190211 10:16
ARCHER PLACE RECEIPT,513108,MO,Mercer,Zone 6,INT,R,A,8/1/20,,,N,Roeslein Alternative,504804272,,,,,,20200804 09:35
ARCHER PLACE DELIVERY,523095,MO,Mercer,Zone 6,INT,R,A,8/1/20,,,N,Roeslein Alternative,504804272,,,,,,20200804 09:35
ARLINGTON,3606,IL,Bureau,Zone 6,LDC,D,A,1/1/83,,,N,Ameren Illinois Company,6936017,,,,N,,20170607 12:46
ARPIN,28881,WI,Wood,Zone 7,LDC,D,A,1/1/83,,,N,Wisconsin Gas LLC,7947047,,,,N,,20181211 10:16
ASHLEY-HUDSON,4491,IN,Steuben,Zone 7,LDC,D,A,1/1/83,,,N,NIPSCO,6937585,,,,N,,20190321 13:16
AUBURNDALE,28880,WI,Wood,Zone 7,LDC,D,A,1/1/83,,,N,Wisconsin Gas LLC,7947047,,,,N,,20181211 10:16
AVALON,38295,LA,St Mary,Zone 1,INT,D,A,2/1/87,,,Y,Acadian Gas Pipeline System,109006858,,ANR Avalon,C809,Y,C000932,20190923 14:46
BALDWIN LAKE (SEM GAS),150532,MI,Cass,Zone 7,LDC,D,A,12/1/88,,,N,Semco Energy Inc DBA SEG,6960553,,,,N,,20190321 13:16
BARNARD,13137,MO,Nodaway,Zone 6,LDC,D,A,1/1/83,,,N,Empire District Gas,625371880,,,,N,,20150709 11:13
BARNITZ CREEK,513128,OK,Custer,Zone 4,INT,R,A,1/1/19,,,N,Citizens Midstream,990000012,,,,N,,20190411 10:31
BARRACUDA/ANR,1390725,LA,Cameron,Zone 1,INT,R,A,6/1/14,,,Y,Kinetica Deepwater,8017117,,BARRACUDA/ANR,1390725,Y,C002844,20140714 10:56
BARRACUDA-NGPL (CM),46912,LA,Cameron,Zone 1,INT,D,I,6/1/97,,,Y,NGPL,6931794,,,,Y,C002096,20191017 12:48
BARRON LAKE,11590,MI,Cass,Zone 7,LDC,D,A,1/1/83,,,N,Semco Energy Inc DBA SEG,6960553,,,,N,,20190321 13:16
BATTLE CREEK GAS/CALHOUN,40470,MI,Calhoun,Zone 7,LDC,D,A,9/1/88,,,N,Semco Energy Inc DBA SEG,6960553,,,,N,,20170616 12:29
BAXTER HEALTH INT,22975,MS,Bolivar,Zone 2,END,D,A,9/1/88,,,N,Baxter Healthcare,5083209,,,,N,,20180725 16:46
BEAR CREEK,28855,WI,Waupaca,Zone 7,LDC,D,A,1/1/83,,,N,Wisconsin Gas LLC,7947047,,,,N,,20150508 12:46
BEAVER PLANT (CNG),163450,OK,Beaver,Zone 4,INT,R,A,11/9/88,,,N,Connect Energy Svcs,784767498,,,,N,,20180125 08:51
BEAVER-CIG (REC FR CIG),16435,OK,Beaver,Zone 4,INT,R,A,1/1/83,,,Y,Colorado Interstate Gas,6914865,,,,Y,C000981,20181002 13:16
BEAVER-CIG (DEL TO CIG),16454,OK,Beaver,Zone 4,INT,R,A,1/1/83,,,Y,Colorado Interstate Gas,6914865,,,,Y,C000981,20181002 13:16
BEDISON INTERCONNECT,261475,MO,Nodaway,Zone 6,END,D,A,6/21/99,,,N,Associated Electric Coop,54077672,,,,N,,20140131 13:52
BELOIT,36934,WI,Rock,Zone 7,LDC,D,A,1/1/83,,,N,Wisconsin Power & Lght,7946452,,,,N,,20190529 15:22
BENTON HARBOR,11578,MI,Berrien,Zone 7,LDC,D,A,1/1/83,,,N,Michigan Gas Utilities,622377096,,,,N,,20190212 10:17
BERLIN,40497,WI,Winnebago,Zone 7,LDC,D,A,1/1/83,,,N,Wisconsin Power & Lght,7946452,,,,N,,20190328 13:16
BERLIN IC (TRANSOK),174775,OK,Roger Mills,Zone 4,INT,R,A,7/17/95,,,Y,Enable Oklahoma,7205412,,ANR Berlin,32675,Y,C000960,20190327 08:45
BERNE-GENEVA,4223,IN,Adams,Zone 3,LDC,D,A,1/1/83,,,N,NIPSCO,6937585,,,,N,,20181218 09:06
BERRIEN SPRINGS,11576,MI,Berrien,Zone 7,LDC,D,A,1/1/83,,,N,Michigan Gas Utilities,622377096,,,,N,,20190212 10:12
BETHANY,12991,MO,Harrison,Zone 6,LDC,D,A,1/1/83,,,N,Bethany City of,92855311,,,,N,,20140131 13:31
BIRMINGHAM,4839,IA,Van Buren,Zone 6,LDC,D,A,1/1/83,,,N,Interstate Power & Light,6940522,,,,N,,20170607 12:46
BLOOMFIELD,4604,IA,Davis,Zone 6,LDC,D,A,1/1/83,,,N,Bloomfield City of ,118690130,,,,N,,20170607 12:46
BLUE LAKE - INJECTION,542526,MI,Otsego,Zone 7,STR,D,A,3/14/07,,,Y,Blue Lake Gas Storage,830186383,,Blue Lake Inj,139553,Y,C000625,20070314 18:51
BLUE LAKE - WITHDRAWAL,542527,MI,Otsego,Zone 7,STR,R,A,3/14/07,,,Y,Blue Lake Gas Storage,830186383,,Blue Lake Wd,139554,Y,C000625,20070314 18:51
BOBCAT STORAGE (DEL),742883,LA,St Landry,Zone 1,STR,D,A,11/3/08,,,Y,Porte Barre Investments,614834559,,ANR - INJ,1185956,Y,C001706,20141209 109:30
BOBCAT STORAGE (REC),742882,LA,St Landry,Zone 1,STR,R,A,11/5/08,,,Y,Porte Barre Investments,614834559,,ANR - WTD,1185957,Y,C001706,20170109 10:02
BOLIVAR,1292823,MS,Bolivar,Zone 2,LDC,D,A,3/6/14,,,N,Atmos Energy Corp,108203241,,,,Y,C003008,20180725 16:31
BONDUEL,28823,WI,Shawano,Zone 7,LDC,D,A,1/1/83,,,N,Wisconsin Gas LLC,7947047,,,,N,,20150807 12:01
BRANDON ROAD DELIVERY,1402545,IL,Will,Zone 7,END,D,A,12/21/17,,,N,Elwood Energy LLC,72640738,,,,N,,20190226 11:02
BROOKS DRIVE,523096,WI,Dane,Zone 7,LDC,D,A,12/1/21,,,Y,Wisconsin Gas LLC,7947047,,,,N,,20220127 13:35
BROWNSVILLE INTERCONNECT,261572,TN,Haywood,Zone 2,END,D,A,11/1/03,,,N,Tenn Valley Auth,967537572,,,,N,,20190529 13:46
BUCHANAN,11581,MI,Berrien,Zone 7,LDC,D,A,1/1/83,,,N,Semco Energy Inc DBA SEG,6960553,,,,N,,20180812 05:07
BUCKEYE GREENVILLE PLANT,505582,OH,Darke,Zone 3,LDC,D,A,5/12/17,,,N,ANR Pipeline Company,6958581,,,,N,,20170513 08:57
BURKES RUN,1394871,IA,Lee,Zone 6,STA,D,A,12/1/15,,,N,Iowa Fertilizer,55627973,,,,N,,20190507 05:01
BURLINGTON,4619,IA,Des Moines,Zone 6,LDC,D,A,1/1/83,,,N,Interstate Power & Light,6940522,,,,N,,20170607 12:46
CADIZ INT,277052,IN,Henry,Zone 3,LDC,D,A,3/2/00,,,N,Duke Energy Indiana,6939540,,,,N,,20181218 09:16
CAMBRIDGE,3797,IL,Henry,Zone 6,LDC,D,A,1/1/83,,,N,Ameren Illinois Company,6936017,,,,N,,20170607 12:46
CAMERON,43456,LA,Cameron,Zone 1,PPT,R,A,8/16/56,,,N,Wagner Oil Co,2825917,,,,N,,20031106 09:24
CAMPBELLSPORT,28701,WI,Fon Du Lac,Zone 7,LDC,D,A,1/1/83,,,N,Wisconsin Power & Lght,7946452,,,,N,,20180727 14:31
CAPITOL DRIVE,28846,WI,Waukesha,Zone 7,LDC,D,A,1/1/83,,,N,Wisconsin Gas LLC,7947047,,,,N,,2180308 10:46
CARDINAL ETHANOL-LYNNWIN,1389346,IN,Randolph,Zone 3,END,D,A,2/1/14,,,N,Ohio Valley Gas Corp,6940274,,,,N,,20140226 10:05
CARRERA INDIAN CREEK,467675,TX,Roberts,Zone 4,WHD,R,A,1/13/06,,,N,Crestwood Panhandle,807041954,,,,N,,20060112 13:53
CARTHAGE,40189,IN,Hancock,Zone 3,LDC,D,A,1/1/83,,,N,Fountaintown Gas,75980516,,,,N,,20191218  09:16
CATON FARM ROAD,697645,IL,Kendall,Zone 7,LDC,D,A,11/5/07,,,Y,Nicor Gas Co,6927792,,Yorkville,Station 231,Y,C000600,20171207 10:01
CECIL,28822,WI,Shawano,Zone 7,LDC,D,A,1/1/83,,,N,Wisconsin Gas LLC,7947047,,,,N,,20150508 12:47
CEDAR CREEK DELIVERY,1402711,IL,Will,Zone 7,END,D,A,10/3/16,,,N,NRG Power Marketing,28255979,,,,N,,20180427 16:01
CELESTINE,4280,IN,Dubois,Zone 3,LDC,D,A,1/1/83,,,N,Indiana Natural Gas Co,44911673,,,,N,,20190319 10:17
CENTERPOINT/CUSTER DEL,153896,OK,Custer,Zone 4,INT,D,A,11/1/87,,,Y,Enable Gas Transmission,872670161,,ANR @ Custer Rct,2024,Y,C000544,20190904 13:31
CENTERPOINT/CUSTER REC,512133,OK,Custer,Zone 4,INT,R,A,1/1/25,,,Y,Enable Gas Transmission,872670161,,ANR @ Custer Del,2025,Y,C000544,20240127 14:45
CENTERPOINT/DELHI,9757,LA,Richland,Zone 2,INT,R,A,11/1/87,,,Y,Enable Gas Transmission,872670161,,ANR Delhi Core Del,801501,Y,C000544,20070605 12:53
CENTERPOINT/PERRYVILLE,154017,LA,Ouachita,Zone 2,INT,R,A,11/1/90,,,Y,Enable Gas Transmission,872670161,,ANR PV Core Del,802401,Y,C000544,20020913 08:18
CENTERVILLE IA,4561,IA,Appanoose,Zone 6,LDC,D,A,1/1/83,,,N,Interstate Power & Light,6940522,,,,N,,20140131 13:37
CENTERVILLE LA,10410,LA,St Mary,Zone 1,INT,D,I,1/1/83,,,Y,Gulf South P/L Co,78444247,,Centerville (From ANR),425,Y,C000591,20170109 10:02
CHALKLEY/TENN,7703,LA,Cameron,Zone 1,INT,D,A,12/1/98,,,Y,Tennessee Gas P/L Co,1939164,,ANR/TGP Chalkley Transport,412002,Y,C000020,20181217 09:46
CHENIERE PERDUE,7692,LA,Cameron,Zone 1,GTH,R,A,6/18/10,,,N,Goldking Production,825077993,,,,N,,20170109 10:02
CHESTERTON,378119,IN,Porter,Zone 7,LDC,D,A,12/19/05,,,N,NIPSCO,6937585,,,,N,,20190314 12:46
CHILTON,28662,WI,Calumet,Zone 7,LDC,D,A,1/1/83,,,N,Wisconsin Public Service Co,7947435,,,,N,,20150508 13:01
"CHRISNEY, TOWN OF CHRISN",4481,IN,Spencer,Zone 3,LDC,D,A,1/1/83,,,N,Chrisney Town Of,2565448,,,,N,,20190319 10:17
CHRISNEY/MGT (DELIVERY),4480,IN,Spencer,Zone 3,INT,D,A,1/1/83,,,Y,Midwestern Gas Transmission,6792451,,Chrisney,18234,Y,C000582,20190319 10:17
CHRISNEY/MGT (RECEIPT),138660,IN,Spencer,Zone 3,INT,R,A,5/1/90,,,Y,Midwestern Gas Transmission,6792451,,Chrisney,18234,Y,C000582,20160607 05:01
CHRISTMAS LAKE,4483,IN,Spencer,Zone 3,LDC,D,A,1/1/83,,,N,Community Natural Gas,7814049,,,,N,,20190319 10:17
CINCINNATI,40180,IA,Appanoose,Zone 6,LDC,D,A,1/1/83,,,N,Interstate Power & Light,6940522,,,,N,,20140131 13:42
CLEVELAND,40198,WI,Manitowoc,Zone 7,LDC,B,I,1/1/83,,20180814,N,Wisconsin Public Service Co,7947435,,,,N,,20190319 10:31
CLINTONVILLE,28854,WI,Waupaca,Zone 7,LDC,D,A,1/1/83,,,N,Wisconsin Gas LLC,7947047,,,,N,,20150508 12:48
COLDWATER,40468,MI,Branch,Zone 7,LDC,D,A,11/1/88,,,N,Michigan Gas Utilities,622377096,,,,N,,20170616 13:31
COLDWATER LAKE,40469,MI,Branch,Zone 7,LDC,D,A,11/1/88,,,N,Michigan Gas Utilities,622377096,,,,N,,20170616 12:31
COLEMAN,28769,WI,Oconto,Zone 7,LDC,D,A,1/1/83,,,N,Wisconsin Public Service Co,7947435,,,,N,,20190405 16:31
COLLIERVILLE GATE,416969,TN,Shelby,Zone 2,LDC,D,A,11/22/04,,,N,Memphis Light Gas/Water ,152524732,,,,N,,20180725 16:31
COLOMA,11579,MI,Berrien,Zone 7,LDC,D,A,1/1/83,,,N,Michigan Gas Utilities,622377096,,,,N,,20190212 10:17
COLTER WEST INTERCONNECT,261472,KS,Comanche,Zone 4,WHD,R,A,7/1/99,,,N,Southwest Supply Co DBA,791099039,,,,N,,20040702 10:43
COLUMBUS,28672,MI,Columbia,Zone 7,LDC,D,A,1/1/83,,,N,Wisconsin Gas LLC,7947047,,,,N,,20190115 11:47
COLUMBUS LINK INT,206051,MI,St Clair,Zone 7,LDC,B,A,11/1/96,,,N,DTE Gas Company,6958540,,,,N,,20140808 07:48
COMM NATL-GRP 1,139237,IN,Indiana,Zone 3,LDC,B,A,11/1/92,,,N,Community Natural Gas,7814049,,,,N,,19970804 05:43
CONSTANTINE,11784,MI,St Joseph,Zone 7,LDC,D,A,1/1/83,,,N,Semco Energy Inc DBA SEG,6960553,,,,N,,20190321 13:16
CONVOY,16265,OH,Van Wert,Zone 3,LDC,D,A,1/1/83,,,N,East Ohio Gas Co,7900475,,,,N,,20180812 05:08
COOPERSVILLE,11750,MI,Ottawa,Zone 7,LDC,D,A,1/1/83,,,N,Michigan Gas Utilities,622377096,,,,N,,20190401 11:01
CORUNNA - ON SYSTEM,384818,MI,St Clair,Zone 7,LDC,D,A,3/10/04,,,N,Enbridge Gas Distrib,246667372,,,,N,,20040311 09:21
CORUNNA INT,216158,MI,St Clair,Zone 7,LDC,D,A,11/1/96,,,N,Enbridge Gas Distrib,246667372,,,,N,,20020913 07:18
CORYDON,4858,IA,Wayne,Zone 6,LDC,D,A,1/1/83,,,N,Interstate Power & Light,6940522,,,,N,,20140131 13:39
COTTAGE GROVE,40432,TN,Henry,Zone 2,LDC,D,A,3/6/13,,,N,Paris Henry City Pud,66115122,,,,N,,20190401 10:46
COVERT POWER PLANT,312117,MI,Van Buren,Zone 7,END,B,A,2/14/03,,,N,New Covert Gen Co,169630725,,,,N,,20190402 14:15
CRAIG,12997,MO,Holt,Zone 5,LDC,D,A,1/1/83,,,N,Empire District Gas,625371880,,,,N,,20140822 14:15
CRANDON,28703,WI,Forest,Zone 7,LDC,D,A,1/1/83,,,N,Wisconsin Public Service Co,7947435,,,,N,,20150507 12:57
CRAWFORD INTERCONNECT,281778,KS,Comanche,Zone 4,WHD,R,A,7/1/00,,,N,Southwest Supply Co DBA,791099039,,,,N,,20040702 10:43
CRETE POWER PLANT,360888,IL,Will,Zone 7,END,D,A,6/1/03,,,N,Crete Energy Venture,540802791,,,,N,,20180926 15:46
CRIVITZ,174790,WI,Oconto,Zone 7,LDC,D,A,9/1/94,,,N,Wisconsin Public Service Co,7947435,,,,N,,20150508 12:48
CROWN POINT/NIPSCO,138744,IN,Lake,Zone 7,LDC,D,A,1/1/90,,,N,NIPSCO,6937585,,,,N,,20190314 12:46
CRYSTAL FALLS-FORTUNE LK,11661,MI,Iron,Zone 7,INT,R,A,1/1/83,,,Y,Great Lakes Gas Transmission,824900229,,Fortune Lake,11655,Y,C000628,20191211 10:16
CRYSTAL FALLS-MICHCON,40844,MI,Iron,Zone 7,LDC,D,A,1/1/83,,,N,DTE Gas Company,6958540,,,,N,,20160501 15:33
CUSTER BAKER,703496,OK,Custer,Zone 4,WHD,R,A,2/12/08,,,N,Markwest Oklahoma,143268097,,,,N,,20180510 10:31
CUSTER CITY/TRANSOK REC,16842,OK,Custer,Zone 4,INT,F,A,10/1/91,,,Y,Enable Oklahoma,7205412,,ANR Custer L-10 Interconnect,10087,Y,C000960,20041216 07:42
CUSTER PLANT - INLET,40518,OK,Custer,Zone 4,PLT,D,A,10/1/97,,,N,ANR Pipeline Company,6958581,,,,Y,C000623,20020913 07:18
DALE INDIANA,4485,IN,Spencer,Zone 3,LDC,D,A,1/1/83,,,N,Community Natural Gas,7814049,,,,N,,20190319 10:17
DALE WI,40495,WI,Outagamie,Zone 7,LDC,D,A,1/1/83,,,N,Wisconsin Gas LLC,7947047,,,,N,,20190402 09:31
DANE COUNTY LANDFILL,513130,WI,Dane,Zone 7,INT,R,A,1/1/19,,,N,Dane County,990000014,,,,,,20190409 11:45
DANIELS 1-1B,40721,MI,Newaygo,Zone 7,WHD,R,I,2/1/88,,20180717,N,Wellmaster Prod,540802906,,,,N,,20180717 14:01
DANVILLE,40181,IA,Des Moines,Zone 6,LDC,D,A,1/1/83,,,N,Interstate Power & Light,6940522,,,,N,,20170607 12:46
DAVIESS COUNTY RNG,513201,KY,Daviess,Zone 3,RNG,R,A,4/1/25,,,Y,Owensboro RNG,990000067,,,,N,,20250401 13:00
DAVIESS COUNTY RNG BUYBACK,523211,KY,Daviess,Zone 3,RNG,D,A,4/1/25,,,Y,Owensboro RNG,990000067,,,,N,,20250401 13:00
DE PERE INTERCONNECT,261573,WI,Brown,Zone 7,LDC,D,A,7/1/99,,,N,Wisconsin Public Service Co,7947435,,,,N,,20160513 09:31
DEFIANCE (RECEIPT),38224,OH,Defiance,Zone 3,INT,R,A,1/1/83,,,Y,PEPL,45256641,,ANR Defiance,ANRDF,Y,C000250,20160513 09:31
DEFIANCE/PANHANDLE (DEL),15672,OH,Defiance,Zone 3,INT,D,A,1/1/83,,,Y,PEPL,45256641,,ANR Defiance,ANRDF,Y,C000250,20170509 09:46
DELHI PANTHER CREEK INT,142171,OK,Custer,Zone 4,INT,R,A,3/1/94,,,Y,"Oneok Field Services Company, L.L.C.",807558072,,ANR Panther Creek,DUB0029,Y,C001674,20070304 17:32
DENMARK IA,4736,IA,Lee,Zone 6,LDC,D,A,1/1/83,,,N,Midamerican Energy Co,884718768,,,,N,,20170607 12:46
DENMARK WI,28660,WI,Brown,Zone 7,LDC,D,A,1/1/83,,,N,Wisconsin Public Service Co,7947435,,,,N,,20160408 09:01
DES PLAINS,769472,IL,Will,Zone 7,INT,D,A,2/27/09,,,Y,Northern Border,21632583,,Des Plaines,769471,Y,C000626,20170901 11:16
DESOTO,523101,MS,De Soto,Zone 2,LDC,B,A,7/27/21,,,Y,Atmos Energy Corp,108203241,,,,,,20210825 11:15
DETROIT A & B (RECEIPT),48642,MI,Mecosta,Zone 7,LDC,R,A,11/1/93,,,N,DTE Gas Company,6958540,,,,N,,20160603 14:38
DETROIT A (DELIVERY),40892,MI,Mecosta,Zone 7,LDC,D,A,1/1/83,,,N,DTE Gas Company,6958540,,Detroit A-REC,9004,N,,20170726 14:17
DETROIT B (DELIVERY),40895,MI,Mecosta,Zone 7,LDC,D,A,1/1/83,,,N,DTE Gas Company,6958540,,,,N,,20170620 13:07
DETROIT EDISON GREENWOOD,320550,MI,St Clair,Zone 7,LDC,D,A,2/1/02,,,N,Detroit Edison Co,6957872,,,,N,,20020913 07:18
DEWARD - GREAT LAKES - D,40785,MI,Crawford,Zone 7,INT,D,A,1/1/70,,,Y,Great Lakes Gas Transmission,824900229,,Deward Rec,40792,Y,C000628,20070314 17:32
DEWARD - GREAT LAKES - R,142164,MI,Crawford,Zone 7,INT,R,A,1/1/70,,,Y,Great Lakes Gas Transmission,824900229,,Deward Delivery,720039,Y,C000628,20170824 12:32
DONNELLSON,4740,IA,Lee,Zone 6,LDC,D,A,1/1/83,,,N,Midamerican Energy Co,884718768,,,,N,,20170607 12:46
DUGAS RD REC,513142,LA,Jefferson Davis,Zone 1,INT,R,A,2/16/24,,,N,TC Louisiana Intrastate  ,123,,Dugas Rd,620003,N,,20240411 12:45
DUNDEE INTERCONNECT,282437,MI,Lenawee,Zone 7,LDC,D,A,10/27/00,,,N,Michigan Gas Utilities,622377096,,,,N,,20180812 05:08
DUNKIRK,138677,IN,Jay,Zone 3,LDC,D,A,11/1/93,,,N,Indiana Gas Company,6938211,,,,N,,20170131 12:15
DUNN INTERCONNECT,1055519,LA,Richland,Zone 2,INT,D,A,6/15/10,,,N,CP Energy Intrastate,799376074,,,,N,,20150109 05:05
DURALDE EVANGELINE INT,312115,LA,Evangeline,Zone 2,INT,D,A,12/15/01,,,Y,Transco,7933021,,Duralde,312116,Y,C000654,20170109 10:02
EAST BIG RAPIDS,40898,MI,Mecosta,Zone 7,LDC,D,A,1/1/83,,,N,DTE Gas Company,6958540,,,,N,,20150109 05:04
EAST HANCOCK CTY SCHOOL,40188,IN,Hancock,Zone 3,LDC,D,A,1/1/83,,,N,Indiana Gas Company,6938211,,,,N,,20160513 09:31
EAST JOLIET,4196,IL,Will,Zone 7,INT,D,A,1/1/83,,,N,Peoples GL&C,6932115,,,,N,,20140319 08:50
EAST OHIO-GRP 1,139252,OH,,Zone 7,LDC,B,A,6/1/92,,,N,East Ohio Gas Co,7900475,,,,N,,20030530 13:02
EAST OHIO-GRP 2,356048,OH,,Zone 3,LDC,B,A,11/1/02,,,N,East Ohio Gas Co,7900475,,,,N,,20021018 08:15
EAST ROGERS HEIGHTS,40890,MI,Mecosta,Zone 7,LDC,D,A,1/1/83,,,N,DTE Gas Company,6958540,,,,N,,20060831 07:25
EDGAR,28753,WI,Marathon,Zone 7,LDC,D,A,1/1/83,,,N,Wisconsin Public Service Co,7947435,,,,N,,20171220 15:16
EDGERTON,28806,WI,Rock,Zone 7,LDC,B,A,1/1/83,,,N,Wisconsin Power & Lght,7946452,,,,N,,20180828 09:46
EDON,218537,OH,Williams,Zone 7,LDC,D,A,2/25/97,,,N,Ohio Gas Company,3779345,,,,N,,20111229 08:31
EDWARDSBURG,11589,MI,Cass,Zone 7,LDC,D,A,1/1/83,,,N,Semco Energy Inc DBA SEG,6960553,,,,N,,20170914 12:10
EGAN (DELIVERY) INT,186899,LA,Acadia,Zone 1,STR,D,A,6/15/95,,,N,Egan Hub Storage LLC,835460478,,ANR - Storage LA (D40102/R40101),453650,Y,C000086,20110831 15:29
EGAN (RECEIPT) INT,186900,LA,Acadia,Zone 1,STR,R,A,10/28/95,,,N,Egan Hub Storage LLC,835460478,,ANR - Storage LA (D40102/R40101),453650,Y,C000086,20110831 15:30
ELDON,138748,IA,Wapello,Zone 6,LDC,D,A,1/1/91,,,N,Interstate Power & Light,6940522,,,,N,,20170607 12:39
ELK CITY INTERCONNECT,482503,OK,Roger Mills,Zone 4,WHD,R,A,10/23/06,,,N,PRODUCERS,363282422,,McClure CTP,,N,,20180919 08:59
ELLIOTT ROAD,40480,OH,Defiance,Zone 7,LDC,D,A,4/23/90,,,N,Ohio Gas Company,3779345,,,,N,,20160414 14:06
EMBARRASS,28849,WI,Waupaca,Zone 7,LDC,D,A,1/1/83,,,N,Wisconsin Gas LLC,7947047,,,,N,,20150508 12:50
EMERALD GROVE,28816,WI,Rock,Zone 7,LDC,D,A,1/1/83,,,N,Wisconsin Power & Lght,7946452,,,,N,,20180529 15:22
EMERSON MANITOBA,153950,,Manitoba,Off sys,OTH,B,A,11/1/70,,,N,Transcanada Gas System,253892756,,,,N,,20020913 07:18
EUNICE PROC'G PLANT,44885,LA,Acadia,Zone 1,PLT,R,A,5/1/83,,,N,Enlink Midstream,878636729,,,,N,,20020913 07:18
EUNICE PVR,217760,LA,Acadia,Zone 1,PLT,D,I,1/1/97,,19970701,N,ANR Pipeline Company,6958581,,,,Y,C000623,20171017 21:14
FAIRFAX,40285,MO,Holt,Zone 5,LDC,D,A,1/1/86,,,N,Empire District Gas,625371880,, ,,N,,20140131 13:49
FAIRFIELD,4706,IA,Jefferson,Zone 6,LDC,D,A,1/1/83,,,N,Interstate Power & Light,6940522,,,,N,,20170607 12:46
FAIRWATER,40197,WI,Columbia,Zone 7,LDC,B,A,1/1/83,,,N,Wisconsin Gas LLC,7947047,,,,N,,20180928 16:01
FALLEN TIMBERS,523086,OH,Lucas,Zone 7,INT,D,A,9/23/16,,,N,Generation Pipeline,504804277,,,,N,,20180929 10:23
FARWELL (DELIVERY),11616,MI,Clare,Zone 7,INT,D,A,1/1/83,,,Y,Great Lakes Gas Transmission,824900229,,Farwell Receipt,11601,Y,C000628,20151030 13:01
FARWELL (RECEIPT),48644,MI,Clare,Zone 7,INT,R,A,1/1/83,,,Y,Great Lakes Gas Transmission,824900229,,Farwell Delivery,720040,Y,C000628,20151030 13:01
FAYETTEVILLE EXPRESS,803184,MS,Quitman,Zone 2,INT,B,A,11/5/10,,,Y,Fayetteville Express Pipeline  LLC,75374115,,ANR Quitman,78524,Y,C001012,20110216 09:13
FEIKERT,482504,KS,Clark,Zone 4,WHD,R,I,8/11/06,,20170901,N,Thoroughbred Associates,873140057,,,,N,,20170905 11:54
FENNVILLE,11563,MI,Allegan,Zone 7,LDC,D,A,1/1/83,,,N,Michigan Gas Utilities,622377096,,,,N,,20181023 12:16
FENSTERMACHER #1-14,44783,MI,Mecosta,Zone 7,WHD,R,A,9/1/99,,,N,Muskegon Development Co,6960421,,,,N,,20141114 14:46
FERDINAND,4274,IN,Dubois,Zone 3,LDC,D,A,8/1/02,,,N,Ohio Valley Gas Corp,6940274,,,,N,,10/12/18/11:01
FLINT CREEK,4618,IA,Des Moines,Zone 6,LDC,D,A,1/1/83,,,N,Interstate Power & Light,6940522,,,,N,,20170607 12:46
FLORENCE WI,150407,WI,Florence,Zone 7,LDC,D,A,10/1/92,,,N,Florence Utility,30194286,,,,N,,20180508 12:55
FLORY ROAD,153782,OH,Defiance,Zone 7,LDC,D,A,7/1/90,,,N,Ohio Gas Company,3779345,,,,N,,20160414 14:15
FOCUS-SWEETWATER,302190,OK,Roger Mills,Zone 4,WHD,R,I,7/26/01,,20180919,N,Access Midstream Gas,967633350,,,,N,,20180919 08:57
FOND DU LAC,28702,WI,Fond Du Lac,Zone 7,LDC,D,A,1/1/83,,,N,Wisconsin Power & Lght,7946452,,,,N,,20180727 14:23
FOND DU LAC CENTRAL,139402,WI,Fon Du Lac,Zone 7,LDC,D,A,8/7/92,,,N,Wisconsin Power & Lght,7946452,,,,N,,20180727 14:23
FOREST CITY,12999,MO,Holt,Zone 5,LDC,D,A,1/1/83,,,N,Empire District Gas,625371880,,,,N,,20160203 13:51
FORT ATKINSON,28811,WI,Rock,Zone 7,LDC,B,A,1/1/83,,,N,Wisconsin Electric Power,7947385,,,,N,,20170719 09:46
FORT ELLIOTT RECEIPT,1261065,TX,Wheeler,Zone 4,INT,R,A,8/1/12,,,Y,Enable Oklahoma,7205412,,ANR Wheeler Plant Delivery,35031,Y,C000960,20140610 13:12
FORT MADISON,4738,IA,Lee,Zone 6,LDC,D,A,1/1/83,,,N,Midamerican Energy Co,884718768,,,,N,,20170607 12:46
FORT RECOVERY,112028,OH,Mercer,Zone 3,LDC,D,A,3/2/90,,,N,East Ohio Gas Co,7900475,,,,N,,20110124 10:19
FORT WAYNE,40184,IN,Adams,Zone 3,LDC,D,A,1/1/83,,,N,NIPSCO,6937585,,,,N,,20170918 09:47
FOUNTAINTOWN-GRP 1,139239,IN,Indiana,Zone 3,LDC,B,A,11/1/92,,,N,Fountaintown Gas,75980516,,,,N,,20020913 07:18
FOURNERAT ROAD DELIVERY,523092,LA,Acadia,Zone 1,LDC,D,A,12/1/18,,,y,Florida Gas Transmission,6924518,,,100733,Y,C000255,20181218 12:13
FREDONIA,28828,WI,Sheboygan,Zone 7,LDC,D,A,1/1/83,,,N,Wisconsin Gas LLC,7947047,,,,N,,20180814 14:12
FREEDOM,28780,WI,Outagamie,Zone 7,LDC,D,A,1/1/83,,,N,Wisconsin Gas LLC,7947047,,,,N,,20150508 12:50
FREMONT READFIELD,139405,WI,Waupaca,Zone 7,LDC,D,A,6/19/92,,,N,Wisconsin Gas LLC,7947047,,,,N,,20160408 08:51
FRENCH LICK/TX EASTERN,4421,IN,Orange,Zone 3,INT,D,A,1/1/83,,,Y,Texas Eastern Transmission,7932908,,"ANR PL Co-French Lick, IN",71825,Y,C000094,20181012 10:53
FRITO LAY SALES,395460,WI,Rock,Zone 7,END,D,A,9/24/04,,,Y,Frito-Lay Inc,7326879,,,,N,,20181012 10:24
FUEL SEGMENT 1 (GATH'G),174635,LA,Louisiana,Zone 1,VIR,B,A,10/27/94,,,N,ANR Pipeline Company,6958581,,,,Y,C000623,19970721 20:33
FUEL SEGMENT 1 (TRANSM),68285,LA,Louisiana,Zone 1,VIR,B,A,12/1/90,,,N,ANR Pipeline Company,6958581,,,,Y,C000623,20180531 08:51
FUEL SEGMENT 2,153719,LA,Louisiana,Zone 2,VIR,B,A,12/1/90,,,N,ANR Pipeline Company,6958581,,,,Y,C000623,19980203 20:49
FUEL SEGMENT 3,153721,KY,Kentucky,Zone 3,VIR,B,A,12/1/90,,,N,ANR Pipeline Company,6958581,,,,Y,C000623,20010605 22:19
FUEL SEGMENT 4 (TRANSM),153722,OK,Oklahoma,Zone 4,VIR,B,A,12/1/90,,,N,ANR Pipeline Company,6958581,,,,Y,C000623,19970817 20:21
FUEL SEGMENT 5,153724,KS,Kansas,Zone 5,VIR,B,A,12/1/90,,,N,ANR Pipeline Company,6958581,,,,Y,C000623,20030224 14:41
FUEL SEGMENT 6,153727,MO,Missouri,Zone 6,VIR,B,A,12/1/90,,,N,ANR Pipeline Company,6958581,,,,Y,C000623,20010502 21:15
FUEL SEGMENT 7,153728,MI,Michigan,Zone 7,VIR,B,A,12/1/90,,,N,ANR Pipeline Company,6958581,,,,Y,C000623,20001003 6:07
FUEL SEGMENT 7 CANADIAN,9505450,WI,Wood,Zone 7,VIR,B,A,6/24/05,,,N,ANR Pipeline Company,6958581,,,,Y,C000623,20050624 16:15
FUEL SEGMENT 7 HUB,9505505,IL,Will,Zone 7,VIR,B,A,5/1/09,,,N,ANR Pipeline Company,6958581,,,,Y,C000623,20090526 16:19
GALENA ROAD SALES,384135,IL,Kane,Zone 7,LDC,D,A,10/22/04,,,Y,Nicor Gas Co,6927792,,Big Rock,Station 243,Y,C000600,20170320 09:26
GALLATIN INTERCONNECT,171759,MO,Harrison,Zone 6,LDC,B,A,10/1/95,,,N,Missouri Gas Utility,177053308,,,,N,,20140131 13:51
GEORGE B FRANKLIN INT,40715,LA,Richland,Zone 2,LDC,B,A,9/1/00,,,N,George B Franklin & Sons,8192585,,,,N,,20091214 09:43
GEORGETOWN,11747,MI,Ottawa,Zone 7,LDC,B,A,1/1/83,,,N,DTE Gas Company,6958540,,,,N,,20171221 12:45
GERMANTOWN INT,265372,WI,Washington,Zone 7,LDC,B,A,6/25/03,,,N,Wisconsin Elec Pwr Co,38984456,,,,N,,20180327 15:13
GILCHRIST,3975,IL,Mercer,Zone 6,LDC,B,I,1/1/83,,20170607,N,Ameren Illinois Company,6936017,,,,N,,20170607 12:39
GILLETT,40223,WI,Oconto,Zone 7,LDC,B,A,1/1/83,,,N,Wisconsin Gas LLC,7947047,,,,N,,20180601 10:15
GLEASON,20666,TN,Weakley,Zone 2,LDC,B,A,1/1/83,,,N,West Tenn,73525644,,,,N,,20181009 13:08
GOODMAN,139403,WI,Marinette,Zone 7,LDC,B,A,7/1/91,,,N,Wisconsin Public Service Co,7947435,,,,N,,20150508 12:46
GOODWELL 8,142182,MI,Newaygo,Zone 7,WHD,R,I,1/1/83,,20170301,N,DTE Gas Company,6958540,,,,N,,20121018 13:56
GPM LAVERNE FUEL METER,278352,OK,Harper,Zone 5,INT,B,A,12/7/99,,,N,DCP Midstream,3048753,,,,N,,20241111 13:00
GRAHAM,13133,MO,Nodaway,Zone 5,LDC,B,A,1/1/83,,,N,Empire District Gas,625371880,,,,N,,20150709 11:37
GRAND CHENIER/ANR,1250765,LA,Cameron,Zone 1,INT,B,A,10/24/12,,,Y,Kinetica Deepwater,8017117,,GRAND CHENIER/ANR,1250765,Y,C002844,20130215 08:31
GRAND CHENIER/LRC,7695,LA,Cameron,Zone 1,INT,B,A,5/28/15,,,Y,Bridgeline Holding,9603424,,ANR Grand Chenier,850126,Y,C000826,20170719 15:16
GRAND HAVEN,11751,MI,Ottawa,Zone 7,LDC,B,A,1/1/83,,,N,Michigan Gas Utilities,622377096,,,,N,,20181129 10:01
GRANT CITY,13215,MO,Worth,Zone 6,LDC,B,A,1/1/83,,,N,Grant City City of,5702907,,,,N,,20140131 13:33
GREAT LAKES/MUTT D,11778,MI,St Clair,Zone 7,INT,B,A,11/1/11,,,Y,Great Lakes Gas Transmission,824900229,,Muttonville-ANR,482606,Y,C000628,20120131 14:31
GREAT LAKES/MUTTONVILLE,140358,MI,St Clair,Zone 7,INT,B,A,1/1/83,,,Y,Great Lakes Gas Transmission,824900229,,Muttonville-ANR,482606,Y,C000628,19981202 21:07
GREEN BAY,28661,WI,Brown,Zone 7,LDC,B,A,1/1/83,,,N,Wisconsin Public Service Co,7947435,,,,N,,20160408 08:52
GREEN STATION,89222,OK,Roger Mills,Zone 4,WHD,R,A,10/1/91,,,N,,967633350,,,,N,,20190919 08:59
GREENSBURG/CP (REC),385402,KS,Kiowa,Zone 4,INT,B,A,12/1/04,,,Y,"Cheyenne Plains Gas Pipeline Company, L.L.C.",143363542,,ANR/CPG Greensburg Delivery Kiowa,892155,Y,C000995,20181002 13:10
GREENSBURG/NNG (DEL),34887,KS,Kiowa,Zone 4,INT,D,A,1/1/83,,,Y,Northern Natural Gas Company,784158214,,ANR/NNG Greensburg,179,Y,C000060,20070314 17:28
GREENSBURG/NNG (REC),90017,KS,Kiowa,Zone 4,INT,R,A,1/1/83,,,Y,Northern Natural Gas Company,784158214,,ANR/NNG Greensburg,179,Y,C000060,20070314 17:28
GREENVILLE SOUTH (DEL),336369,MS,Washington,Zone 2,INT,D,A,8/3/03,,,Y,Tennessee Gas P/L Co,1939164,,ANR/TGP Greenville South,421012,Y,C000020,20070314 17:29
GREENVILLE SOUTH (REC),336367,MS,Washington,Zone 2,INT,R,A,1/7/02,,,Y,Tennessee Gas P/L Co,1939164,,ANR/TGP Greenville South,421012,Y,C000020,20070314 17:28
GREENVILLE TGP/ANR DEL,307790,MS,Washington,Zone 2,INT,D,A,1/1/03,,,Y,Tennessee Gas P/L Co,1939164,,ANR/TGP Greenville Interconnect,420941,Y,C000020,20180725 16:26
GREENVILLE TGP/ANR-REC,305431,MS,Washington,Zone 2,INT,R,A,2/26/03,,,Y,Tennessee Gas P/L Co,1939164,,ANR/TGP Greenville Interconnect,420941,Y,C000020,20180725 16:26
GREENWOOD,153822,MI,St Clair,Zone 7,LDC,B,A,3/1/91,,,N,Semco Energy Inc DBA SEG,6960553,,,,N,,20171005 09:20
GRIMES INT,377735,OK,Roger Mills,Zone 4,WHD,R,A,2/21/07,,,N,Enbridge P/L (TX Gath),32358744,,,,N,,20180919 08:59
GUARDIAN CEDAR DEL,338685,IL,Will,Zone 7,INT,B,A,12/30/02,,,Y,Guardian P/L LLC,39665497,,Joliet ANR,338687,Y,C000583,20070314 17:29
GUARDIAN CEDAR REC,338686,IL,Will,Zone 7,INT,B,A,12/30/02,,,Y,Guardian P/L LLC,39665497,,Joliet ANR,338687,Y,C000583,20070314 17:28
HAMILTON,4489,IN,Steuben,Zone 7,LDC,B,A,1/1/83,,,N,NIPSCO,6937585,,,,N,,20070314 17:28
HAMPSHIRE INT,183670,IL,Kane,Zone 7,LDC,B,A,11/7/95,,,Y,Nicor Gas Co,6927792,,Hampshire,Station 95,Y,C000600,20181031 07:45
HANOR ROBERTS RANCH INT,221448,OK,Woodward,Zone 4,INT,D,A,4/14/97,,,N,Centerpoint Res Corp,803838838,,,,N,,20050428 10:00
HANOVER INT (DEL),153852,MI,Jackson,Zone 7,INT,D,A,9/1/92,,,N,DCP Midstream,3048753,,,,N,,20170616 12:30
HANOVER INT (REC),153853,MI,Jackson,Zone 7,INT,R,A,9/1/92,,,N,DCP Midstream,3048753,,,,N,,20110209 14:27
HARPER VALLEY INT,766131,OK,Harper,Zone 4,INT,R,A,7/15/08,,,N,Freedom Midstream,827401816,,,,N,,20080804 15:59
HARRISON,40834,MI,Clare,Zone 7,LDC,B,A,1/1/83,,,N,DTE Gas Company,6958540,,,,N,,20180720 12:42
HARTFORD EAST,384136,WI,Washington,Zone 7,LDC,B,A,12/4/04,,,N,Wisconsin Gas LLC,7947047,,,,N,,20180327 15:13
HAVENSVILLE,5658,KS,Pottawatomie,Zone 5,LDC,B,A,3/20/90,,,N,Havensville (KS) City of,43430131,,,,N,,20140131 13:50
HAVILAND-EAST OHIO GAS,40482,OH,Paulding,Zone 3,LDC,D,A,1/1/83,,,N,East Ohio Gas Co,7900475,,,,N,,20160113 11:24
HAYNESVILLE,1213536,LA,Rapides,Zone 2,INT,R,A,1/1/12,,,Y,Acadian Gas Pipeline System,109006858,,ANR Cheneyville,H32406,Y,C000932,20120117 09:54
HEBRON/OFFSYSTEM NB,153730,ND,Mercer,Off sys,OTH,B,A,7/28/84,,,N,ANR Pipeline Company,6958581,,,,Y,C000623,19990303 21:21
HENRY ESTATE (BUYBACK),314210,LA,Cameron,Zone 1,INT,D,A,11/19/01,,,N,Mission Res. Corp.,180037640,,,,N,,20031106 09:55
HENRY ESTATE INT,199331,LA,Cameron,Zone 1,GTH,R,A,5/24/96,,,N,Mission Res. Corp.,180037640,,,,N,,20031106 09:55
HIAWATHA,4968,KS,Brown,Zone 5,WHD,D,I,12/1/09,,20170901,Y,"Southern Star Cenral Gas Pipeline, Inc",7906233,,ANR Brown Emergency,11138,Y,C000374,20171204 16:04
HICKORY MEADOWS DELIVERY,513135,WI,Calumet,Zone 7,RNG,R,A,3/25/22,,,Y,Green Meadows,990000052,,Green Meadows RNG LLC,,N,,20240813 14:20
HICKORY MEADOWS RECEIPT,523110,WI,Calumet,Zone 7,RNG,D,A,3/25/22,,,Y,Green Meadows,990000052,,Green Meadows RNG LLC,,N,,20240813 14:20
HITCH INT,237023,OK,Texas,Zone 4,END,D,A,8/5/98,,,N,Hitch Enterprises Inc.,99550352,,,,N,,20070314 17:28
HOFFPAUIR FKA SWEENEY,693262,LA,Acadia,Zone 1,GTH,R,I,5/30/07,,20160620,N,Walter Oil & Gas,58996364,,,,N,,20160622 13:24
HOG BAYOU NO 2,22040,LA,Cameron,Zone 1,WHD,R,A,9/1/09,,,N,Hilcorp Energy Co,606410538,,,,N,,20090902 08:35
HOLLAND,40477,MI,Ottawa,Zone 7,LDC,B,A,1/1/83,,,N,Semco Energy Inc DBA SEG,6960553,,,,N,,20171221 12:45
HOLLAND BPW INT,216654,MI,Allegan,Zone 7,LDC,B,A,6/1/98,,,N,City of Holland,79284337,,,,N,,20180110 07:27
HOPE,4236,IN,Bartholomew,Zone 3,LDC,D,A,1/1/83,,,N,Indiana Gas Company,6938211,,,,N,,20181213 10:17
HORTONVILLE,40224,WI,Outagamie,Zone 7,LDC,B,A,1/1/83,,,N,Wisconsin Gas LLC,7947047,,,,N,,20190402 09:31
HUDSONVILLE,696537,MI,Ottawa,Zone 7,LDC,D,A,10/14/08,,,N,DTE Gas Company,6958540,,,,N,,20181004 09:28
HUMBOLDT LAKE ROAD,1402187,TN,Crockett,Zone 2,INT,D,A,9/26/16,,,N,Jackson Energy Authority,38389347,,,,N,,20170720 12:46
IES UTILITIES-GRP 1,139241,IA,,Zone 6,LDC,B,A,6/1/92,,,N,Interstate Power & Light,6940522,,,,N,,20030225 13:57
ILLINOIS NORTH,703495,IL,Will,Zone 7,INT,D,A,1/24/08,,,Y,Kinder Morgan Illinois,796506058,,ANR/KMIP Will,43388,Y,C000236,20170117 09:05
INDIANA GS-GRP 1,139240,IN,,Zone 3,LDC,B,A,11/1/92,,,N,Indiana Gas Company,6938211,,,,N,,20030225 13:58
INDIANA NL-GRP 1,139238,IN,,Zone 3,LDC,B,A,11/1/92,,,N,Indiana Natural Gas Co,44911683,,,,N,,19971002 20:43
INDIANFORD,28807,WI,Rock,Zone 7,LDC,B,A,1/1/83,,,N,Wisconsin Power & Lght,7946452,,,,N,,20180828 09:34
IOLA,28858,WI,Waupaca,Zone 7,LDC,B,A,1/1/83,,,N,Wisconsin Power & Lght,7946452,,,,N,,20160408 08:51
IPC - GROUP 1,139233,IL,,Zone 6,LDC,B,A,6/1/92,,,N,Ameren Illinois Company,6936017,,,,N,,20010502 21:15
IPLS ALDEN,505613,KS,Rice,Zone 5,VIR,B,A,5/21/18,,,N,ANR Pipeline Company,6958581,,,,Y,C000623,20180521 16:23
IPLS BEDISON,866060,MO,Nodaway,Zone 6,VIR,B,A,6/16/09,,,N,ANR Pipeline Company,6958581,,,,Y,C000623,20190616 16:03
IPLS BIRMINGHAM,505650,IA,Van Buren,Zone 6,VIR,B,A,12/22/21,,,N,ANR Pipeline Company,6958581,,,,Y,C000623,20220127 13:35
IPLS BROWNSVILLE,766182,TN,Haywood,Zone 2,VIR,B,A,7/22/08,,,N,ANR Pipeline Company,6958581,,,,Y,C000623,20080722 07:54
IPLS COLLIERVILLE,505615,TN,Shelby,Zone 2,VIR,B,A,7/11/18,,,N,ANR Pipeline Company,6958581,,,,Y,C000623,20180710 15:00
IPLS COVERT,9505488,MI,Van Buren,Zone 7,VIR,B,A,2/19/08,,,N,ANR Pipeline Company,6958581,,,,Y,C000623,20080306 14:12
IPLS CRYSTAL FALLS,505597,MI,Iron,Zone 7,VIR,B,A,6/19/17,,,N,ANR Pipeline Company,6958581,,,,Y,C000623,20170619 08:20
IPLS DETROIT A,505587,MI,Mecosta,Zone 7,VIR,B,A,12/27/16,,,N,ANR Pipeline Company,6958581,,,,Y,C000623,20161227 21:49
IPLS EAST JOLIET,505685,IL,Will,Zone 8,VIR,B,A,10/11/24,,,N,ANR Pipeline Company,6958581,,,,Y,C000623,20250113 13:25
IPLS EGAN,505603,LA,Acadia,Zone 1,VIR,B,A,7/24/17,,,N,ANR Pipeline Company,6958581,,,,Y,C000623,20170724 15:12
IPLS FARWELL,505598,MI,Clare,Zone 7,VIR,B,A,6/19/17,,,N,ANR Pipeline Company,6958581,,,,Y,C000623,20170619 08:28
IPLS HOLLAND BPW,766312,MI,Allegan,Zone 7,VIR,B,A,7/25/08,,,N,ANR Pipeline Company,6958581,,,,Y,C000623,20080725 14:01
IPLS JANESVILLE,505602,WI,Rock,Zone 7,VIR,B,A,7/24/17,,,N,ANR Pipeline Company,6958581,,,,Y,C000623,20170724 15:06
IPLS MARSHFIELD/VIKING,505599,WI,Wood,Zone 7,VIR,B,A,7/11/17,,,N,ANR Pipeline Company,6958581,,,,Y,C000623,20170711 14:18
IPLS MONCLOVA,505600,OH,Lucas,Zone 7,VIR,B,A,7/24/17,,,N,ANR Pipeline Company,6958581,,,,Y,C000623,20170724 14:48
IPLS MONE,755893,OH,Van Wert,Zone 3,VIR,B,A,6/1/08,,,N,ANR Pipeline Company,6958581,,,,Y,C000623,20080612 13:20
IPLS MONEE,866068,IL,Will,Zone 7,VIR,B,A,6/16/09,,,N,ANR Pipeline Company,6958581,,,,Y,C000623,20090616 16:06
IPLS NAPOLEON,766313,OH,Henry,Zone 7,VIR,B,A,7/25/08,,,N,ANR Pipeline Company,6958581,,,,Y,C000623,20080725 14:07
IPLS OVERISEL,505585,MI,Allegan,Zone 7,VIR,B,A,12/27/16,,,N,ANR Pipeline Company,6958581,,,,Y,C000623,20161227 21:43
IPLS PANOLA,866067,MS,Panola,Zone 2,VIR,B,A,6/16/09,,,N,ANR Pipeline Company,6958581,,,,Y,C000623,20090616 16:05
IPLS PAULDING,505601,OH,Paulding,Zone 3,VIR,B,A,7/24/17,,,N,ANR Pipeline Company,6958581,,,,Y,C000623,20070724 14:53
IPLS REX SHELBYVILLE,505584,IN,Shelby,Zone 3,VIR,B,A,12/27/16,,,N,ANR Pipeline Company,6958581,,,,Y,C000623,20161227 21:30
IPLS SLAUGHTERS,505656,KY,Webster,Zone 4,VIR,B,A,3/29/22,,,N,ANR Pipeline Company,6958581,,,,Y,C000623,20250113 13:25
IPLS SOUTH CRAIG,766324,MO,Holt,Zone 5,VIR,B,A,7/25/08,,,N,ANR Pipeline Company,6958581,,,,Y,C000623,20080725 14:09
IPLS STAG LAKE,505586,MI,St Joseph,Zone 7,VIR,B,A,12/27/16,,,N,ANR Pipeline Company,6958581,,,,Y,C000623,20161227 21:46
IPLS WAUSEON,866063,OH,Fulton,Zone 7,VIR,B,A,6/16/09,,,N,ANR Pipeline Company,6958581,,,,Y,C000623,20090616 16:04
IPLS WEAKLEY,766183,TN,Weakley,Zone 2,VIR,B,A,7/22/08,,,N,ANR Pipeline Company,6958581,,,,Y,C000623,20080722 07:57
IPLS WESTRICK,505638,OH,Defiance,Zone 3,VIR,B,A,5/8/20,,,N,ANR Pipeline Company,6958581,,,,Y,C000623,20200730 07:57
IPLS WILLOW,866062,MI,Washtenaw,Zone 7,VIR,B,A,6/16/09,,,N,ANR Pipeline Company,6958581,,,,Y,C000623,20090616 16:04
JACKSON,28836,WI,Washington,Zone 7,LDC,B,A,1/1/83,,,N,Wisconsin Gas LLC,7947047,,,,N,,20180327 15:13
JACKSON GEN,523097,IL,Will,Zone 7,END,D,A,12/2/20,,,N,"Jackson Generation, LLC",6958581,,,,N,,20210106 09:28
JAMESTOWN INT,349885,MI,Ottawa,Zone 7,INT,D,A,5/19/03,,,N,DTE Gas Company,6958540,,,,N,,20181022 12:11
JANESVILLE WI,40304,WI,Rock,Zone 7,LDC,B,A,1/1/83,,,N,Wisconsin Power & Lght,7946452,,,,N,,20170719 09:39
JANESVILLE/NNG INT,28808,WI,Rock,Zone 7,INT,B,A,1/1/83,,,Y,Northern Natural Gas Company,784158214,,ANR/NNG Janesville,180,Y,C000060,20070314 17:28
JASPER INT,153708,IN,Dubois,Zone 3,LDC,D,A,10/1/90,,,N,NGM LLC,625003280,,,,N,,20171213 10:17
JEANERETTE FIELD CDP,40682,LA,St Mary,Zone 1,GTH,R,A,7/25/03,,,N,Gulf Production Corp,555932995,,,,N,,20031016 17:42
JEWELL INT,224546,WI,Defiance,Zone 7,INT,D,A,8/15/97,,,N,Ohio Gas Company,3779345,,,,N,,20160414 14:06
JOHNSON BAYOU/UTOS,40464,LA,Cameron,Zone 1,INT,R,A,10/1/03,,,Y,"Enbridge Offshore Pipelines (UTOS), LLC",118932487,,,,Y,C000510,20190109 10:02
JOLIET (MGT-DEL),4194,IL,Will,Zone 7,INT,D,A,8/3/10,,,Y,Midwestern Gas Transmission,6792451,,Joliet - ANR,4204,Y,C000582,20170815 12:21
JOLIET (MGT-REC),48641,IL,Will,Zone 7,INT,R,A,6/12/10,,,Y,Midwestern Gas Transmission,6792451,,Joliet - ANR,4204,Y,C000582,20170815 12:21
JOLIET (NGPL),2610,IL,Will,Zone 7,INT,R,A,4/1/90,,,Y,NGPL,6931794,,ANR/NGPL South Joliet #2 Will,904758,Y,C002096,20181219 11:32
JOLIET WEST/HORIZON,322986,IL,Will,Zone 7,INT,B,A,5/1/02,,,Y,Horizon P/L Co LLC,540617122,,ANR,39848,Y,C000226,20020417 15:20
JOLIET WEST/NGPL,40419,IL,Will,Zone 7,INT,D,A,1/1/83,,,Y,NGPL,6931794,,ANR/NGPL South Joliet #1 Will,906104,Y,C002096,20020417 15:20
JOY,3970,IL,Mercer,Zone 6,LDC,B,A,1/1/83,,,N,Ameren Illinois Company,6936017,,,,N,,20170607 12:39
JUNCTION CITY,28793,WI,Portage,Zone 7,LDC,B,A,1/1/83,,,N,Wisconsin Public Service Co,7947435,,,,N,,20181211 10:03
KALKASKA (MICHCON),153803,MI,Kalkaska,Zone 7,LDC,B,A,11/10/95,,,Y,DTE Gas Company,6959540,,Kalkaska-ANR-DEL,9481,N,,20180918 12:33
KAUKAUNA,387791,WI,Outagamie,Zone 7,LDC,B,A,4/5/05,,,N,WPSC-GEN DBA,361300655,,,,N,,20161121 15:21
KEGONSA INTERCONNECT,284917,WI,Dane,Zone 7,LDC,B,A,10/28/00,,,N,Wisconsin Power & Lght,7946452,,,,N,,20180828 09:34
KEITHSBURG,3968,IL,Mercer,Zone 6,LDC,B,A,1/1/83,,,N,Ameren Illinois Company,6936017,,,,N,,20170607 12:39
KELT RANCH DELIVERY,1388911,TX,Wheeler,Zone 4,LDC,D,A,1/15/14,,,N,Apache Corp,6961551,,,,N,,20150420 11:21
KELTON GAS PLANT (URC),187493,TX,Wheeler,Zone 4,LDC,B,A,3/31/96,,,N,Kelton Gas SVCS LP,540802756,,,,N,,20041019 08:06
KENOSHA INT,174788,WI,Kenosha,Zone 7,LDC,B,A,7/11/94,,,N,Wisconsin Electric Power,7947385,,,,N,,20180927 13:10
KEOKUK,4741,IA,Lee,Zone 6,LDC,B,A,1/1/83,,,N,Liberty Utilities,78314967,,,,N,,20170607 12:39
KIMBALL 27 STR-D/OFFSYS,299793,MI,St Clair,-,STR,D,A,7/25/01,,,N,Bluewater Gas Storage,146848804,,,,Y,C001154,20070314 17:29
KIMBALL 27 STR-DEL/ONSYS,321523,MI,St Clair,Zone 7,STR,D,A,1/8/02,,,Y,Bluewater Gas Storage,146848804,,,,Y,C001154,20020602 20:55
KIMBALL 27 STR-R/OFFSYS,307110,MI,St Clair,-,STR,R,A,9/13/01,,,Y,Bluewater Gas Storage,146848804,,Kimball,307110,Y,C001154,20070314 17:28
KIMBALL 27 STR-REC/ONSYS,318732,MI,St Clair,Zone 7,STR,R,A,1/8/02,,,Y,Bluewater Gas Storage,146848804,,,,Y,C001154,20020108 14:49
KINGS BAYOU NO 2,150708,LA,Cameron,Zone 1,WHD,R,A,4/1/89,,,N,Pioneer Exploration,113267702,,,,N,,20101130 06:27
KEOKUK - Roquette,1402365,IA,Lee,Zone 6,END,B,A,11/1/15,,,N,Liberty Utilities,78314967,,,,N,,20151124 08:00
KIRKSVILLE,4602,IA,Davis,Zone 6,LDC,B,A,1/1/83,,,N,Liberty Utilities,78314967,,,,N,,20140131 13:31
KIZER CREEK,513106,OK,Woodward,Zone 4,INT,R,A,4/19/18,,,N,"Redcliff Midstream, LLC",997012714,,,,N,,20180420 09:54
LAGRANGE,4372,IN,Lagrange,Zone 7,LDC,B,A,1/1/83,,,N,NIPSCO,6937585,,,,N,,20070317 17:29
LAKE ARTHUR (DEL TO NGPL,174629,LA,Cameron,Zone 1,INT,D,A,9/21/94,,,Y,NGPL,6931794,,ANR/NGPL Lake Arthur R/U Cameron,6010,Y,C002096,20070314 17:29
LAKE ARTHUR (REC FR NGPL,7694,LA,Cameron,Zone 1,INT,B,A,1/1/83,,,Y,NGPL,6931794,,ANR/NGPL Lake Arthur R/U Cameron,6010,Y,C002096,20070314 17:28
LAKE GENEVA,40226,WI,Walworth,Zone 7,LDC,B,A,1/1/84,,,N,Wisconsin Electric Power,7947385,,,,N,,20181114 14:58
LAKE NOKOMIS INT,171758,WI,Lincoln,Zone 7,LDC,D,A,8/15/95,,,N,Wisconsin Public Service Co,7947435,,,,N,,12/11/18/10:03
LAMONI,4605,IA,Decatur,Zone 6,LDC,B,A,1/1/83,,,N,Lamoni Mun Utilities,189690795,,,,N,,07/09/15/11:38
LAND O LAKES INT,234898,OK,Beaver,Zone 4,END,D,A,1/15/98,,,N,Land O Lakes Inc,6253835,,,,N,,05/02/05/09:16
LAONA,28704,WI,Forest,Zone 7,LDC,B,A,8/24/94,,,N,Wisconsin Public Service Co,7947435,,,,N,,05/08/15/12:57
LAVERNE CITYGATE INT,174769,OK,Harper,Zone 4,LDC,D,A,12/14/94,,,N,Oklahoma Natural Gas Co,7907827,,,,N,,04/28/05/08:16
LAVERNE LATERAL,501169,OK,Harper,Zone 4,INT,D,A,10/21/16,,,N,ANR Pipeline Company,6958581,,,,N,,12/14/16/11:37
LAWRENCE,398767,IN,Lawrence,Zone 3,LDC,D,A,11/14/04,,,N,Hoosier Energy Rural,62802574,,,,N,,01/11/19/15:03
LEASE EMERSON VIA CFALLS,505665,WI,Iron,Zone 7,INT,B,A,11/29/22,,,Y,ANR Pipeline Company,6958581,,,,Y,C000623,20241111 13:00
LEASE EMERSON VIA WILLOW,505666,MI,Washtenaw,Zone 7,INT,B,A,11/29/22,,,Y,ANR Pipeline Company,6958581,,,,Y,C000623,20241111 13:00
LEBANON - TEXAS EASTERN,28447,OH,Warren,Zone 3,INT,B,A,2/1/90,,,Y,Texas Eastern Transmission,7932908,,ANR/TETCO (Lebanon Lateral - ANR Capacity),79941,Y,C000094,20061206 09:00
LEBANON -FARMERSVILLE,505619,OH,Montgomery,Zone 3,LDC,R,A,10/31/18,,,N,Dayton Power & Light,7902430,,,,N,,20181116 15:26
LEBANON HUB-ANR GK,261345,OH,Darke,Zone 3,PPT,B,A,7/1/99,,,N,ANR Pipeline Company,6958581,,,,Y,C000623,20061206 09:00
LEBANON/A K STEEL,261713,OH,Warren,Zone 3,END,B,A,7/1/99,,,N,AK Steel Corporation,606072130,,,,N,,20160408 09:02
LEBANON/CASTINE,153781,OH,Darke,Zone 3,LDC,B,A,7/1/90,,,N,Dayton Power & Light,7902430,,,,N,,20020514 21:37
LEBANON/COLGA INT,38843,OH,Warren,Zone 3,INT,B,A,2/1/90,,,Y,Columbia Gas Transmission,54748041,,ANR-Lebanon-6,F2,Y,C000306,20061206 09:10
LEBANON/DERBY - VECTREN,295956,OH,Montgomery,Zone 3,LDC,B,A,6/1/01,,,N,Vectren Energy Delivery,4866344,,,,N,  ,20160408 09:03
LEBANON/DOMINION DEL,21906,OH,Warren,Zone 3,INT,D,I,2/1/90,,20190301,N,Dominion Trans Inc.,116025180,,ANR - Lebanon,28202,Y,C000160,20140407 09:49
LEBANON/DOMINION RECEIPT,1387755,OH,Warren,Zone 3,INT,B,A,1/1/14,,,N,Dominion Trans Inc.,116025180,,ANR - Lebanon,28202,Y,C000160,20140403 10:17
LEBANON/FARMERSVILLE,124974,OH,Montgomery,Zone 3,LDC,R,I,7/1/90,,20190226,N,Dayton Power & Light,7902430,,,,N,,20181116 15:26
LEBANON/GLEN KARN REC,1389630,OH,Darke,Zone 3,INT,R,A,4/1/14,,,Y,Texas Eastern Transmission,7932908,,"ANR Del - Glen Karn, OH",76903,Y,C000094,20160408 09:02
LEBANON/GLEN KARN-TETCO,174721,OH,Darke,Zone 3,INT,D,A,8/9/90,,,Y,Texas Eastern Transmission,7932908,,"ANR, Rec - Glen Karn, OH",72903,Y,C000094,20140407 09:48
LEBANON/RED LION,108796,OH,Warren,Zone 3,LDC,B,A,7/1/90,,,N,Vectren Energy Delivery,4866344,,,,N,,20160408 09:03
LEBANON/SPRINGBORO INT,22986,OH,Warren,Zone 3,LDC,B,A,8/1/90,,,N,Cincinnati G & E,6999189,,,,N,,20160408 09:04
LEBANON/TAIT-TETCO,295957,OH,Montgomery,Zone 3,LDC,B,A,6/1/01,,,N,DPL Energy Inc,540617005,,,,N,,20070402 08:11
LECOMPTE INTERCONNECT,693715,LA,Acadia,Zone 2,INT,B,A,7/9/07,,,N,Enlink LIG,41220351,,,,N,,20081223 10:02
LENA,28770,WI,Oconto,Zone 7,LDC,B,A,1/1/83,,,N,Wisconsin Public Service Co,7947435,,,,N,,20180601 10:15
LEON,4607,IA,Decatur,Zone 6,LDC,D,A,1/1/83,,,N,Interstate Power & Light,6940522,,,,N,,20140131 13:38
LIDDIEVILLE,467676,LA,Franklin,Zone 2,INT,B,A,12/29/05,,,Y,Regency Intrastate Gas LP,133237508,,ANR Pipeline Company (30 Del) - Liddieville,14673,Y,C000370,20090608 07:52
LIDDIEVILLE 42,924935,LA,Franklin,Zone 2,GTH,R,A,1/26/10,,,Y,Regency Intrastate Gas LP,133237508,,ANR Pipeline company (42 Del) - Liddieville,14756,Y,C000370,20100126 13:42
LINCOLN BOYS SCHOOL,28733,WI,Lincoln,Zone 7,LDC,B,A,1/1/83,,,N,Wisconsin Public Service Co,7947435,,,,N,,20181211 10:16
LINEVILLE,4856,IA,Wayne,Zone 6,LDC,B,A,1/1/83,,,N,Lineville City of (IA),4896551,,,,N,,20150709 11:39
LITCHFIELD,216338,MI,Hillsdale,Zone 7,LDC,D,A,8/24/94,,,N,Semco Energy Inc DBA SEG,6960553,,,,N,,20170616 12:30
LITTLE CHUTE,28778,WI,Outagamie,Zone 7,LDC,B,A,1/1/83,,,N,Wisconsin Gas LLC,7947047,,,,N,,20160408 08:47
LOCKRIDGE,4707,IA,Jefferson,Zone 6,LDC,B,A,1/1/83,,,N,Interstate Power & Light,6940522,,,,N,,20170607 12:39
LOREED-LUDINGTON,43704,MI,Osceola,Zone 7,LDC,B,A,4/1/13,,,N,DTE Gas Company,6958540,,,,N,,20190501 07:46
LOWE 1-27 (OSCEOLA MI),40476,MI,Osceola,Zone 7,WHD,R,I,11/25/08,,20170901,N,Dart Oil & Gas Corp,24129611,,,,N,,20170920 10:59
LOWRY PLANT INLET,28554,LA,Cameron,Zone 1,PLT,D,A,7/9/04,,,N,Targa Midstream Svcs,9474847,,,,N,,20070314 17:28
LOWRY PLANT OUTLET,38278,LA,Cameron,Zone 1,PLT,B,A,7/9/04,,,N,Targa Midstream Svcs,9474847,,,,N,,20070315 17:28
LOWRY PLANT PVR,325427,LA,Cameron,Zone 1,PLT,B,I,6/1/90,,20020501,N,Targa Midstream Svcs,9474847,,,,N,,20020417 15:20
LYNN/WINCHESTER,138745,IN,Randolph,Zone 3,LDC,B,A,2/1/92,,,N,Ohio Valley Gas Corp,6940274,,,,N,,20160408 09:04
LYONS,15760,OH,Fulton,Zone 7,LDC,B,A,1/1/83,,,N,Ohio Gas Company,3779345,,,,N,,20160414 14:01
MADISON,36867,WI,Dane,Zone 7,LDC,B,A,1/1/83,,,N,Madison Gas & Electric,7946346,,,,N,,20190115 11:45
MADISON GAS-GRP 1,139253,WI,,Zone 7,LDC,B,A,6/1/92,,,N,Madison Gas & Electric,7946346,,,,N,,20010502 21:15
MAITLAND,13001,MO,Holt,Zone 5,LDC,B,A,1/1/83,,,N,Empire District Gas,625371880,,,,N,,20150709 11:39
MAITLAND IPLS,10150101,MO,Holt,Zone 5,VIR,B,A,2/26/99,,,N,ANR Pipeline Company,6958581,,,,Y,C000623,20250113 15:00
MANAWA,28856,WI,Waupaca,Zone 7,LDC,B,A,1/1/83,,,N,Wisconsin Power & Lght,7946452,,,,N,,20150508 12:52
MANISTEE INT (DELIVERY),174650,MI,Otsego,-,STR,D,A,11/2/10,,,Y,ANR Storage Company,92454453,,,,Y,C000624,20190115 16:49
MANITOWOC,28736,WI,Manitowoc,Zone 7,LDC,B,A,1/1/93,,,N,Wisconsin Public Service Co,7947435,,,,N,,20180814 14:12
MARIETTA,40456,IN,Shelby,Zone 3,LDC,B,A,1/1/83,,,N,Fountaintown Gas,75980516,,,,N,,20181218 09:06
MARINETTE,28761,WI,Marinette,Zone 7,LDC,B,A,1/1/83,,,N,Wisconsin Public Service Co,7947435,,,,N,,20180601 10:10
MARION,28853,WI,Waupaca,Zone 7,LDC,B,A,1/1/83,,,N,Wisconsin Power & Lght,7946452,,,,N,,20150518 12:52
MARSHFIELD WI,28875,WI,Wood,Zone 7,LDC,B,A,1/1/83,,,N,Wisconsin Gas LLC,7947047,,,,N,,20181211 10:03
MARSHFIELD/VIKING INT,28873,WI,Wood,Zone 7,INT,B,A,1/1/83,,,Y,Viking Gas Transmission,609166673,,ANR Marshfield,28872,Y,C000581,20161219 07:53
MARYVILLE,13135,MO,Nodaway,Zone 6,LDC,B,A,1/1/83,,,N,Empire District Gas,625371880,,,,N,,20171101 10:05
MAUMEE EAST/COL GAS OHIO,140834,OH,Lucas,Zone 7,LDC,B,A,1/1/90,,,N,Columbia-Ohio,4773586,,,,N,,20100120 14:40
MAUMEE NORTH/EAST OHIO,108641,OH,Lucas,Zone 7,LDC,B,A,11/1/91,,,N,East Ohio Gas Co,7900475,,,,N,,20100120 14:41
MAUMEE SOUTH/EAST OHIO,104776,OH,Lucas,Zone 7,LDC,B,A,3/1/88,,,N,East Ohio Gas Co,7900475,,,,N,,20100520 09:05
MCFARLAND,28676,WI,Dane,Zone 7,LDC,B,A,1/1/83,,,N,Wisconsin Power & Lght,7946452,,,,N,,20180828 09:34
MECOSTA,463539,MI,Mecosta,Zone 7,WHD,R,I,10/21/05,,20180911,N,Cimarex Energy Co,120809749,,,,N,,20180912 11:13
MEDIAPOLIS,4617,IA,Des Moines,Zone 6,LDC,B,A,1/1/83,,,N,Interstate Power & Light,6940522,,,,N,,20170607 12:39
MEEME,174789,WI,Manitowoc,Zone 7,LDC,D,A,9/30/94,,,N,Wisconsin Public Service Co,7947435,,,,N,,20180814 14:12
MENASHA INTERCONNECT,269472,WI,Winnebago,Zone 7,LDC,B,A,3/6/03,,,N,Wisconsin Power & Lght,7946452,,,,N,,20181217 11:32
MENDOTA DELIVERY INT,1389432,TX,Roberts,Zone 4,LDC,D,A,6/1/14,,,N,Enbridge P/L (TX Gath),32358744,,,,N,,20140716 08:39
MENOMINEE,11702,MI,Menominee,Zone 7,INT,B,A,1/1/83,,,N,DTE Gas Company,6958540,,,,N,,20180601 10:15
MENOMINEE FALLS,28834,WI,Washington,Zone 7,LDC,B,A,1/1/83,,,N,Wisconsin Gas LLC,7947047,,,,N,,20170206 09:10
MENOMINEE NO 2,11703,MI,Menominee,Zone 7,LDC,B,A,1/1/83,,,N,Wisconsin Public Service Co,7947435,,,,N,,20180601 10:15
MENTZER RD,513137,OH,Van Wert,Zone 3,RNG,R,A,11/20/23,,,N,Emerald Strategic,990000072,,,,N,,20240726 17:16
MERMENTAU RIVER GCX,523094,LA`,Cameron,Zone 1,INT,B,A,4/1/21,,,N,Transcameron,117434948,,ANR,,N,,20210413 14:00
MERRILL,28732,WI,Lincoln,Zone 7,LDC,B,A,1/1/83,,,N,Wisconsin Public Service Co,7947435,,,,N,,20181211 10:03
MGUC - GRP 1,139250,MI,,Zone 7,LDC,B,A,6/1/92,,,N,Michigan Gas Utilities,622377096,,,,N,,20030225 14:03
MGUC - GRP 2,139371,MI,,Zone 7,LDC,B,A,6/1/92,,,N,Michigan Gas Utilities,622377096,,,,N,,20030225 14:05
MGUC - GRP 3,139384,MI,,Zone 7,LDC,B,A,6/1/92,,,N,Michigan Gas Utilities,622377096,,,,N,,19970703 09:49
MGUC - GRP 4,139393,MI,,Zone 7,LDC,B,A,6/1/92,,,N,Michigan Gas Utilities,622377096,,,,N,,20020913 07:18
MIAMI NO D-1/ARCO,40674,LA,Cameron,Zone 1,GTH,R,I,12/23/08,,20181010,N,"Energyquest II, LLC",540804118,,,,N,,19970703 09:49
MICHCON-GRP 1,139248,MI,Michigan,Zone 7,LDC,B,A,6/1/92,,,N,DTE Gas Company,6958540,,,,N,,20010502 21:15
MICHCON-GRP 2,139369,MI,Michigan,Zone 7,LDC,B,A,6/1/92,,,N,DTE Gas Company,6958540,,,,N,,20000605 21:30
MICHCON-GRP 3,139382,MI,Michigan,Zone 7,LDC,B,A,6/1/92,,,N,DTE Gas Company,6958540,,,,N,,20010502 21:15
MICHCON-GRP 5,139395,MI,Michigan,Zone 7,LDC,B,A,6/1/92,,,N,DTE Gas Company,6958540,,,,N,,19970703 09:49
MICHIGAN CITY,4375,IN,La Porte,Zone 7,LDC,B,A,1/1/83,,,N,NIPSCO,6937585,,,,N,,20181102 15:24
MID MICHIGAN CDP,261474,MI,Michigan,Zone 7,STR,B,A,7/1/99,,,N,Mid Michigan Gas Storage,47221739,,,,N,,19990802 21:37
MIDAMERICAN - GRP 1,139246,IA,Iowa,Zone 6,LDC,B,A,6/1/92,,,N,Midamerican Energy Co,884718768,,,,N,,19970507 13:33
MIDCONTINENT EXPRESS,803183,LA,Richland,Zone 2,INT,B,A,4/1/09,,,Y,Midcontinent Express,808150895,,ANR/MEP Perryville Richland,44444,Y,C000235,20181002 13:51
MIDDLETOWN,4613,IA,Des Moines,Zone 6,LDC,B,A,1/1/83,,,N,Interstate Power & Light,6940522,,,,N,,20170607 12:39
MIKESELL,1401911,OH,Darke,Zone 3,INT,D,A,4/8/16,,,N,Vectren Energy Delivery,4866344,,,,N,,20160408 08:42
MILAN MI,11803,MI,Washtenaw,Zone 7,LDC,B,A,1/1/83,,,N,DTE Gas Company,6958540,,,,N,,20131114 12:48
MILAN MO,40193,MO,Putnam,Zone 6,LDC,B,A,1/1/83,,,N,Milan City Of,52816493,,,,N,,20140131 13:35
MILLADORE,28879,WI,Wood,Zone 7,LDC,B,A,1/1/83,,,N,Wisconsin Gas LLC,7947047,,,,N,,20181211 10:03
MILWAUKEE,28842,WI,Waukesha,Zone 7,LDC,B,A,11/8/05,,,N,Wisconsin Gas LLC,7947047,,,,N,,20171016 09:09
MINOOKA INTERCONNECT,278172,IL,Kendall,Zone 7,END,B,A,10/27/00,,,N,Dynegy Mkting/Trade,137619136,,,,N,,20181022 10:50
MITCHELL CEMENT,523106,TX,Wheeler,Zone 4,END,B,A,1/1/23,,,N,Heidelberg Materials,1316355,,,,N,,20241022 14:00
MONCLOVA,110850,OH,Lucas,Zone 7,INT,B,A,11/1/93,,,Y,Columbia Gas Transmission,54748041,,Monclova-1,F4,Y,C000306,20081103 10:47
MONE PLANT INTERCONNECT,314730,OH,Van Wert,Zone 3,LDC,B,A,12/10/01,,,N,AEP Energy SVCS Inc,176806198,,,,N,,20090701 15:07
MONEE INTERCONNECT,282435,IL,Will,Zone 7,END,B,A,11/28/00,,,N,University Park Energy,5064048,,,,N,,20180927 10:19
MONGO,40192,IN,Lagrange,Zone 7,LDC,B,A,1/1/83,,,N,NIPSCO,6937585,,,,N,,20070314 17:28
MONICO,28776,WI,Oneida,Zone 7,LDC,B,A,1/1/83,,,N,Wisconsin Public Service Co,7947435,,,,N,,20150508 12:58
MONROE,40576,IN,Adams,Zone 3,LDC,B,A,1/6/99,,,N,NIPSCO,6937585,,,,N,,20170918 09:39
MOORELAND PLANT - INLET,43732,OK,Woodward,Zone 4,PLT,D,A,6/1/90,,,N,ANR Pipeline Company,6958581,,,,Y,C000623,19990702 21:23
MOORELAND PLANT - OUTLET,179887,OK,Woodward,Zone 4,PLT,R,I,9/8/95,,20190506,N,DCP Midstream,3048753,,,,N,,20120501 14:22
MORAVIA,4565,IA,Appanoose,Zone 6,LDC,B,A,1/1/83,,,N,Interstate Power & Light,6940522,,,,N,,20140131 13:39
MORENCI,11680,MI,Lenawee,Zone 7,LDC,B,A,1/1/83,,,N,Michigan Gas Utilities,622377096,,,,N,,20090805 14:39
MORNING SUN,4747,IA,Louisa,Zone 6,LDC,B,A,1/1/83,,,N,Morning Sun City Of,960083731,,,,N,,20170607 12:39
MORRISTOWN,40455,IN,Shelby,Zone 3,LDC,B,A,1/1/83,,,N,Fountaintown Gas,75980516,,,,N,,20181218 09:06
MOSINEE,28741,WI,Marathon,Zone 7,LDC,B,A,1/1/83,,,N,Wisconsin Public Service Co,7947435,,,,N,,20181218 09:06
MOULTON,4564,IA,Appanoose,Zone 6,LDC,B,A,1/1/83,,,N,Moulton City of (IA),362389231,,,,N,,20140131 13:48
MOUND CITY,13000,MO,Holt,Zone 5,LDC,B,A,1/1/83,,,N,Empire District Gas,625371880,,,,N,,20140131 13:25
MOUNT AYR,40182,IA,Ringold,Zone 6,LDC,B,A,1/1/83,,,N,Interstate Power & Light,6940522,,,,N,,20140131 13:41
MOUNT PLEASANT,4691,IA,Henry,Zone 6,LDC,B,A,1/1/83,,,N,Interstate Power & Light,6940522,,,,N,,20170607 12:39
MUNCIE (DELIVERY),40186,IN,Delaware,Zone 3,LDC,D,A,1/1/83,,,N,Indiana Gas Company,6938211,,,,N,,20181218 09:06
MUNCIE (RECEIPT),40187,IN,Delaware,Zone 3,LDC,R,A,1/1/83,,,N,Indiana Gas Company,6938211,,,,N,,20181218 09:06
MURRAY INTERCONNECT,283195,KY,Calloway,Zone 2,LDC,D,A,10/27/00,,,N,Murray Kentucky City Of,956401889,,,,N,,20181009 13:08 
NAPOLEON INTERCONNECT,280435,OH,Henry,Zone 7,END,B,A,5/29/00,,,N,AMP-Ohio INC,105687560,,,,N,,20160729 10:22
NAUTILUS DHS INT,233907,LA,St Mary,Zone 1,GTH,R,A,7/1/09,,,Y,Nautilus Pipeline Company,949954002,,ANR,992212,Y,C000512,20171206 14:02
NEENAH,40498,WI,Winnebago,Zone 7,LDC,B,A,1/1/83,,,N,Wisconsin Public Service Co,7947435,,,,N,,20181102 15:38
NESHKORO,40199,WI,Marquette,Zone 7,LDC,B,A,1/1/83,,,N,Wisconsin Gas LLC,7947047,,,,N,,20180928 15:52
NEW BERLIN,28841,WI,Waukesha,Zone 7,LDC,B,A,1/1/83,,,N,Wisconsin Electric Power,7947385,,,,N,,20180410 11:08
NEW BOSTON,3969,IL,Mercer,Zone 6,LDC,B,A,1/1/83,,,N,New Boston City Of,5495551,,,,N,,20170607 12:39
NEW BUFFALO,11572,MI,Berrien,Zone 7,LDC,B,A,1/1/83,,,N,Semco Energy Inc DBA SEG,6960553,,,,N,,20181102 15:24
NEW LONDON IA,4697,IA,Henry,Zone 6,LDC,B,A,1/1/83,,,N,Interstate Power & Light,6940522,,,,N,,20170607 12:39
NEW LONDON WI,28862,WI,Waupaca,Zone 7,LDC,B,A,1/1/83,,,N,Wisconsin Gas LLC,7947047,,,,N,,20160408 08:49
NEW WINDSOR,40412,IL,Henry,Zone 6,LDC,B,A,1/1/83,,,N,Ameren Illinois Company,6936017,,,,N,,20170607 12:39
NEWTON ROAD RNG,513129,WI,Manitowoc,Zone 7,PPT,R,A,9/14/18,,,N,"Calumet Renewable Energy, LLC",990000013,,,,N,,20180914 10:36
NEY,15673,OH,Defiance,Zone 7,LDC,B,A,1/1/83,,,N,Ohio Gas Company,3779345,,,,N,,20170421 11:42
NICOR GRP 1,395744,IL,Kane,Zone 7,LDC,D,A,10/1/04,,,N,NICOR Gas Co,6927792,,,,N,C000600,20171207 10:01
NIFL - GROUP 1,139234,IN,,Zone 7,LDC,B,A,6/1/92,,,N,NIPSCO,6937585,,,,N,,20010502 21:15
NILES,11580,MI,Berrien,Zone 7,LDC,B,A,1/1/83,,,N,Semco Energy Inc DBA SEG,6960553,,,,N,,20170920 12:36
NILES PLANT,523098,MI,Cass,Zone 7,END,D,A,9/14/21,,,N,Indeck Niles,131203945,,,,N,,20210928 10:00
NIPSCO - GROUP 1,139235,IN,,Zone 3,LDC,B,A,6/1/92,,,N,NIPSCO,6937585,,,,N,,20030304 09:00
NIPSCO - GROUP 2,139366,IN,,Zone 7,LDC,B,A,6/1/92,,,N,NIPSCO,6937585,,,,N,,20010502 21:15
NIPSCO - GROUP 3,139385,IN,,Zone 7,LDC,B,A,6/1/92,,,N,NIPSCO,6937585,,,,N,,20020402 06:04
NORTH APPLETON,28779,WI,Outagamie,Zone 7,LDC,B,A,1/1/83,,,N,Wisconsin Electric Power,7947385,,,,N,,20181211 10:03
NORTH AVENUE,513127,WI,Brown,Zone 7,INT,R,A,7/12/18,,,N,New Organic Digestion LLC,38056507,,,,N,,20180712 14:24
NORTH BELOIT,28817,WI,Rock,Zone 7,LDC,B,A,1/1/83,,,N,Wisconsin Power & Lght,7946452,,,,N,,20180529 15:22
NORTH BURLINGTON,4616,IA,Des Moines,Zone 6,LDC,D,A,1/1/83,,,N,United States Gypsum,5212600,,,,N,,20170607 12:39
NORTH CLARE,40830,MI,Clare,Zone 7,LDC,B,A,1/1/83,,,N,DTE Gas Company,6958540,,,,N,,20180720 12:42
NORTH DEFIANCE,139398,OH,Defiance,Zone 7,LDC,B,A,11/1/89,,,N,Ohio Gas Company,3779345,,,,N,,20160414 14:07
NORTH HOLLAND,11748,MI,Ottawa,Zone 7,LDC,B,A,1/1/83,,,N,Semco Energy Inc DBA SEG,6960553,,,,N,,20171221 12:45
NORTH MADISON,36868,WI,Dane,Zone 7,LDC,B,A,1/1/83,,,N,Madison Gas & Electric,7946346,,,,N,,20190115 11:45
NORTH MANITOWOC,28739,WI,Manitowoc,Zone 7,LDC,B,A,1/1/83,,,N,Wisconsin Public Service Co,7947435,,,,N,,20180814 14:12
NORTH MERRILL INT,224545,WI,Lincoln,Zone 7,LDC,D,A,8/15/97,,,N,Wisconsin Public Service Co,7947435,,,,N,,20181211 10:03
NORTH OAKVILLE,523087,IN,Delaware,Zone 3,LDC,D,A,4/25/18,,,N,Vectren Energy Delivery,4866344,,,,N,,20181425 12:23
NORTH SHEBOYGAN,28832,WI,Sheboygan,Zone 7,LDC,B,A,6/1/05,,,N,Wisconsin Public Service Co,7947435,,,,N,,20180814 14:12
NORTH WAUSAU,28750,WI,Marathon,Zone 7,LDC,B,A,1/1/83,,,N,Wisconsin Public Service Co,7947435,,,,N,,20181211 10:03
NORTH ZEELAND,467243,MI,Ottawa,Zone 7,LDC,D,A,1/8/06,,,N,Semco Energy Inc DBA SEG,6960553,,,,N,,20171221 12:45
NORWICH 28,120743,MI,Newaygo,Zone 7,WHD,R,A,7/5/00,,,N,Ward Haggard Oil & Gas Exp,540617012,,,,N,,20181210 11:37
OAKVILLE,4751,IA,Louisa,Zone 6,LDC,B,A,1/1/83,,,N,Interstate Power & Light,6940522,,,,N,,20170607 12:39
OCONTO,28772,WI,Oconto,Zone 7,LDC,B,A,1/1/83,,,N,Wisconsin Public Service Co,7947435,,,,N,,20180601 10:15
OCONTO FALLS,28771,WI,Oconto,Zone 7,LDC,B,A,1/1/83,,,N,Wisconsin Gas LLC,7947047,,,,N,,20180601 10:15
OHIO GAS-GRP 1,139251,OH,,Zone 7,LDC,B,A,6/1/92,,,N,Ohio Gas Company,3779345,,,,N,,19970804 04:54
OHIO VAL-GRP 1,139236,IN,,Zone 3,LDC,B,A,6/1/92,,,N,Ohio Valley Gas Corp,6940274,,,,N,,20180502 21:15
OHIO VAL-GRP 2,139374,OH,,Zone 3,LDC,B,A,11/1/92,,,N,Ohio Valley Gas Corp,6940274,,,,N,,20030225 14:01
OKOLONA,139400,OH,Henry,Zone 7,LDC,B,A,7/1/90,,,N,Ohio Gas Company,3779345,,,,N,,20180414 14:07
OLIVE BRANCH CITY OF,781395,MS,De Soto,Zone 2,LDC,D,A,1/1/09,,,N,city of Olive Branch,13430228,,,,N,,20180510 13:18
OPELOUSAS,10111,LA,St Landry,Zone 1,INT,B,A,9/1/86,,,Y,Acadian Gas Pipeline System,109006858,,ANR Opelousas,C802,Y,C000932,20190923 14:46
OPHIEM,3795,IL,Mercer,Zone 6,LDC,B,A,1/1/83,,,N,Ameren Illinois Company,6936017,,,,N,,20170607 12:39
ORION (MOLINE),103709,IL,Henry,Zone 6,LDC,B,A,1/1/90,,,N,Midamerican Energy Co,884718768,,,,N,,20170607 12:39
ORLAND,4492,IN,Steuben,Zone 7,LDC,B,A,1/1/83,,,N,NIPSCO,6937585,,,,N,,20070314 17:29
OSHKOSH,28868,WI,Winnebago,Zone 7,LDC,B,A,1/1/83,,,N,Wisconsin Public Service Co,7947435,,,,N,,20181102 15:38
OSHKOSH RIPPLE ROAD,444972,WI,Winnebago,Zone 7,LDC,D,A,1/26/06,,,N,Wisconsin Public Service Co,7947435,,,,N,,20181102 15:38
OTISVILLE OFFSYSTEM,1388866,MI,Genesee,-,OTH,B,A,11/1/13,,,Y,Great Lakes Gas Transmission,824900229,,Otisville,17529,Y,C000628,20131217 10:43
OTSEGO,11562,MI,Allegan,Zone 7,LDC,B,A,1/1/83,,,N,Michigan Gas Utilities,622377096,,,,N,,20181101 15:19
OUTAGAMIE,513107,WI,Outagamie,Zone 7,INT,R,A,1/26/23,,,Y,Terreva Outagamie,831209619,,,,N,,20240625 18:01
OVERISEL INT NO 1,11566,MI,Allegan,Zone 7,LDC,B,A,12/1/86,,,Y,Consumers Energy,6959803,,Overisel,1609,Y,C000192,20180723 15:31
OWENSBORO INT,153767,KY,Daviess,Zone 3,END,D,A,12/1/93,,,N,Kimberly Clark Corp,6072136,,,,N,,20181213 10:17
OXFORD,28766,WI,Marquette,Zone 7,LDC,B,A,1/1/83,,,N,Wisconsin Gas LLC,7947047,,,,N,,20180928 15:52
PALO DURO,438677,TX,Wheeler,Zone 4,WHD,R,A,3/11/05,,,N,PRODUCERS,32358744,,,,N,,20181114 14:36
PANOLA COUNTY INT,266555,MS,Panola,Zone 2,END,B,A,9/1/05,,,N,L S P Energy Limited,99496890,,,,N,,20180510 13:18
PARIS,20046,TN,Henry,Zone 2,LDC,B,A,1/1/83,,,N,Paris Henry City Pud,66115122,,,,N,,20181019 13:08
PARIS - NORTH SHORE,261574,WI,Kenosha,Zone 7,LDC,B,A,7/1/99,,,N,North Shore Gas Company,6936306,,,,N,,20180927 13:10
PARIS HENRY GRP 1,221444,TN,Henry,Zone 2,LDC,B,A,4/21/97,,,N,Paris Henry City Pud,66115122,,,,N,,20020906 21:03
PATTERSN/STABILIZER-FUEL,327747,LA,St Mary,Zone 1,PLT,D,A,10/25/05,,,N,ANR Pipeline Company,6958581,,,,Y,C000623,20160517 10:02
PATTERSON FR TGT-DRY,40321,LA,St Mary,Zone 1,INT,R,A,4/1/04,,,Y,Texas Gas Transmission LLC,115972101,,ANR-Burdett,9503,Y,C000592,20040329 14:53
PATTERSON TERMINAL,1261146,LA,St Mary,Zone 1,INT,D,A,10/1/12,,,Y,Kinetica Deepwater,8017117,,PATTERSON TERMINAL,1261146,Y,C002844,20180524 11:32
PATTERSON TO COL GULF,43613,LA,St Mary,Zone 1,INT,B,A,1/1/83,,,Y,Columbia Gulf Transmission,7854581,,ANR-Patterson,480,Y,C000306,20170929 10:27
PATTERSON TO LIG,142179,LA,St Mary,Zone 1,INT,D,A,7/1/88,,,N,Enlink LIG,41220351,,,,N,,19970507 13:37
PATTERSON/ANR,1250766,LA,St Mary,Zone 1,INT,B,I,10/24/12,,,Y,Kinetica Deepwater,8017117,,PATTERSON/ANR,1250766,Y,C002844,20220330 13:30
PATTERSON/NEPTUNE,505655,LA,St Mary,Zone 1,INT,B,A,4/1/22,,,Y,Kinetica Deepwater,8017117,,,,,,20220330 13:30
PATTERSON/PELICAN,505654,LA,St Mary,Zone 1,INT,B,A,4/1/22,,,Y,Enlink LIG,41220351,,,,,,20220330 13:30
PATTERSON/TRUNKLINE DEL,40317,LA,St Mary,Zone 1,INT,D,A,1/1/89,,,Y,Trunkline Gas Co LLC,7933062,,Patterson - ANR,80368,Y,C000251,20160503 15:10
PATTERSON/TRUNKLINE REC,48640,LA,St Mary,Zone 1,INT,R,A,1/1/83,,,Y,Trunkline Gas Co LLC,7933062,,Patterson @ ANR,81716,Y,C000251,20061115 16:30
PAULDING/COL GAS,16118,OH,Paulding,Zone 3,INT,B,A,7/26/83,,,Y,Columbia Gas Transmission,54748041,,Paulding-3,F1,Y,C000306,20101022 15:18
PAULINE NO 1-19,51700341,OK,Custer,Zone 4,WHD,R,I,10/1/03,,20160601,N,Exok Inc,97284517,,,,N,,20160602 17:02
PECANIERE INT,279735,LA,St Landry,Zone 2,INT,R,A,5/10/00,,,N,Progas Inc.,787844026,,,,N,,20170109 10:02
PELICAN TO EUNICE TRANSF,9505451,LA,Acadia,Zone 1,PLT,D,A,6/7/01,,,N,ANR Pipeline Company,6958581,,,,Y,C000623,20050720 08:50
PEMBINE,40471,MI,Dickinson,Zone 7,LDC,B,A,1/1/83,,,N,Wisconsin Public Service Co,7947435,,,,N,,20180601 10:06
PESHTIGO,28763,WI,Marinette,Zone 7,LDC,B,A,1/1/83,,,N,Wisconsin Public Service Co,7947435,,,,N,,20150601 10:15
PGL&C - GROUP 1,295958,IL,Will,Zone 7,LDC,B,A,6/1/01,,,N,Peoples GL&C,6932115,,,,N,,20130224 14:49
PINE PRAIRIE NORTH DEL,490941,LA,Evangeline,Zone 2,INT,D,A,12/22/08,,,Y,Pine Prairie Energy  Center LLC,187408526,,ANR ML2,490941,Y,C001058,20090313 11:25
PINE PRAIRIE NORTH REC,490940,LA,Evangeline,Zone 2,INT,R,A,2/20/08,,,Y,Pine Prairie Energy  Center LLC,187408526,,ANR ML2,490941,Y,C001058,20080221 10:53
PINE PRAIRIE SOUTH DEL,766185,LA,Acadia,Zone 1,INT,D,A,2/18/09,,,Y,Pine Prairie Energy  Center LLC,187408526,,ANR SE,766185,Y,C001058,20090226 10:54
PINE PRAIRIE SOUTH REC,766184,LA,Acadia,Zone 1,INT,R,A,2/18/09,,,Y,Pine Prairie Energy  Center LLC,187408526,,ANR SE,766184,Y,C001058,20090226 10:53
PLYMOUTH,28829,WI,Sheboygan,Zone 7,LDC,B,A,1/1/83,,,N,Wisconsin Public Service Co,7947435,,,,N,,20180814 14:12
PORTLAND,4351,IN,Jay,Zone 3,LDC,B,A,1/1/83,,,N,Ohio Valley Gas Corp,6940274,,,,N,,20170918 09:39
PORT WASHINGTON NOT ON LDD ALLEN,,,,,LDC,,,,,,,,,,,,,,
PPL UNIVERSITY PARK PWR,318733,IL,Will,Zone 7,END,B,A,2/1/02,,,N,LSP University Park,118920805,,,,N,,20180131 15:05
PRAIRIE BEACH WC 3,484697,LA,Cameron,Zone 1,INT,R,I,10/24/06,,20180412,N,Northstar Offshore,4418157,,,,N,,20180416 11:40
PREMIER ETHANOL-PORTLAND,1389347,IN,Jay,Zone 3,PLT,D,A,2/1/14,,,N,Ohio Valley Gas Corp,6940274,,,,N,,20140225 06:31
PRINCETON MO,40183,IA,Wayne,Zone 6,LDC,B,I,1/1/83,,,N,Princeton City Of,53645222,,,,N,,20140131 13:34
PRINCETON II,523105,IA,Wayne,Zone 6,LDC,B,A,9/17/20,,,N,Princeton City Of,53645222,,,,N,,20201027 13:34
PRINCETON WI,28765,WI,Marquette,Zone 7,LDC,B,A,1/1/83,,,N,Wisconsin Gas LLC,7947047,,,,N,,20180928 15:52
PRINCETON-CILCO,3605,IL,Bureau,Zone 6,LDC,B,A,2/1/87,,,N,Ameren Illinois Company,6936017,,,,N,,20170607 12:39
PROTECTION SOUTHEAST,61500011,KS,Comanche,Zone 4,WHD,R,I,6/5/10,,20100625,N,Griggs Oil Co,540609813,,,,N,,20100625 10:32
PROUGH ROAD,1292925,MI,Kalkaska,Zone 7,END,D,A,12/1/12,,,N,Michigan Public Power,69464725,,,,N,,20180918 12:33
PULASKI,28819,WI,Shawano,Zone 7,LDC,B,A,1/1/83,,,N,Wisconsin Gas LLC,7947047,,,,N,,20180601 10:15
PULCIFER,28821,WI,Shawano,Zone 7,LDC,B,A,1/1/83,,,N,Wisconsin Gas LLC,7947047,,,,N,,20150508 12:53
RABBIT RIDGE INT (DEL),153751,KY,Hopkins,Zone 2,INT,D,A,1/1/92,,,N,WKG Storage,782861256,,,,N,,20180829 14:27
RABBIT RIDGE INT (REC),153753,KY,Hopkins,Zone 2,STR,R,A,1/1/92,,,N,WKG Storage,782861256,,,,N,,20180829 14:27
RABBIT RIVER,523093,MI,ALLEGAN,Zone 7,LDC,D,A,11/1/18,,,N,ANR Pipeline Company,6958581,,,,Y,C000623,20181016 10:09
RACINE,28720,WI,Kenosha,Zone 7,LDC,B,A,1/1/83,,,N,Wisconsin Electric Power,7947385,,,,N,,20180927 13:10
RANDOLPH,28670,WI,Columbia,Zone 7,LDC,B,A,1/1/83,,,N,Wisconsin Power & Lght,7946452,,,,N,,20180928 15:52
RAPIDES,9699,LA,Rapides,Zone 2,INT,B,A,6/1/08,,,Y,Gulf South P/L Co,78444247,,Rapides (To ANR),3496,Y,C000591,20170929 10:24
RAVENWOOD,13138,MO,Nodaway,Zone 6,LDC,B,A,1/1/83,,,N,Empire District Gas,625371880,,,,N,,20150709 11:41
RED BULL,737783,TX,Wheeler,Zone 4,INT,B,A,4/30/08,,,Y,El Paso Natural Gas,8001703,,Red Bull Receipt Point,737783,Y,C000967,20181002 13:06
RED RIVER (REC) INT,185837,TX,Wheeler,Zone 4,INT,R,A,1/31/96,,,Y,Oneok Westex Trans Inc,611855602,,ANR Red River Wheeler,103700,Y,C000586,20080812 16:01
RED RIVER DELIVERY,738789,TX,Wheeler,Zone 4,INT,D,A,3/17/08,,,Y,Oneok Westex Trans Inc,611855602,,ANR Red River Wheeler,103700,Y,C000586,20080812 15:44
REX SHELBYVILL NORTH CDP,1389405,IN,Shelby,Zone 3,VIR,B,I,7/1/14,,,N,ANR Pipeline Company,6958581,,,,Y,C000623,20140624 10:35
REX SHELBYVILL SOUTH CDP,1389406,IN,Shelby,Zone 3,VIR,B,I,7/1/14,,,N,ANR Pipeline Company,6958581,,,,Y,C000623,20181022 10:42
REX SHELBYVILLE,742252,IN,Shelby,Zone 3,INT,B,A,8/1/09,,,Y,Rockies Express Pipeline LLC,784256161,,ANR/Rex Shelby,44416,Y,C000594,20091006 15:55
REX SHELBYVILLE EXPANSIO,1395686,IN,Shelby,Zone 3,INT,B,A,8/1/15,,,Y,Rockies Express Pipeline LLC,784256161,,ANR/Rex Shelby,44416,Y,C000594,20161017 09:03
REX WEST INT,696539,KS,Brown,Zone 5,INT,B,A,1/1/08,,,Y,Rockies Express Pipeline LLC,784256161,,ANR/Rex Brown,43038,Y,C000594,20150709 14:54
RHINELANDER,28774,WI,Oneida,Zone 7,LDC,B,A,1/1/83,,,N,Wisconsin Public Service Co,7947435,,,,N,,20190117 10:14
RICHLAND SOUTH INT,702777,LA,Richland,Zone 2,INT,R,A,12/1/07,,,Y,Enable Gas Transmission,872670161,,ANR CP Del,13547,Y,C000544,20100817 14:38
RIDGEVILLE,40481,OH,Henry,Zone 7,LDC,B,A,3/1/87,,,N,Ohio Gas Company,3779345,,,,N,,20160414 14:09
RIO,494371,WI,Columbia,Zone 7,INT,D,A,2/20/07,,,Y,Northern Natural Gas Company,78415214,,ANR/NNG Rio Interconnect,78878,Y,C000060,20180928 15:52
RIVERWAY (TO BRIDGELINE),42593,LA,St Mary,Zone 1,INT,B,A,6/1/84,,,Y,Bridgeline Holding,9603424,,ANR Patterson,840046,Y,C000826,20160503 15:09
ROBERTS CO NO 1 DEL.,736566,TX,Roberts,Zone 4,INT,D,A,2/1/08,,,Y,Transwestern Pipeline Co,7933047,,ANR/TW Red Deer,57274,Y,C000076,20091217 14:13
ROBERTS COUNTY (REC),25935,TX,Roberts,Zone 4,INT,B,A,11/1/92,,,Y,Transwestern Pipeline Co,7933047,,ANR/TW Red Deer,57274,Y,C000076,20091217 14:12
ROBERTS EAGLE ROCK,693468,TX,Roberts,Zone 4,WHD,R,I,6/21/07,,20181031,N,ETC Field SVCS,143622871,,,,N,,20181031 09:12
ROBERTS EAGLE ROCK RED D,460315,TX,Roberts Co,Zone 4,INT,D,A,4/19/17,,,N,ETC Field SVCS,143622871,,,,N,,20181030 16:08
ROBERTS/MIDSTREAM,467674,TX,Roberts,Zone 4,WHD,R,I,1/18/06,,20181031,N,ETC Field SVCS,143622871,,,,N,,20181031 09:12
ROCHESTER,28798,WI,Racine,Zone 7,LDC,B,A,1/1/83,,,N,Wisconsin Electric Power,7947385,,,,N,,20181114 14:58
ROGER MILLS INT,36981,OK,Roger Mills,Zone 4,INT,B,A,1/1/83,,,N,Enbridge P/L (TX Gath),32358744,,,,N,,20180919 09:01
ROGERS HEIGHTS,138611,MI,Mecosta,Zone 7,LDC,B,A,1/1/83,,,N,DTE Gas Company,6958540,,,,N,,20050428 08:58
ROSHOLT (WISC) INT,174791,WI,Portage,Zone 7,LDC,B,A,7/21/94,,,N,Wisconsin Public Service Co,7947435,,,,N,,20160408 08:54
RUCKMAN FARM,513104,MO,Gentry,Zone 6,INT,R,A,6/28/16,,,N,Roeslein Alternative,504804272,,,,,,20170929 10:28
RUCKMAN FARM REVERSE,523088,MO,Gentry,Zone 6,INT,D,I,6/1/16,,,N,Roeslein Alternative,504804272,,,,,,20191015 15:18
RUDOLPH,28882,WI,Wood,Zone 7,LDC,B,A,1/1/83,,,N,Wisconsin Gas LLC,7947047,,,,N,,20181211 10:03
SANDYVIEW,513133,MI,Allegan,Zone 7,INT,B,A,8/2/22,,,N,Brook and Scenic,990000047,,,,N,,20220815 10:10
S E CDP (GATHERING),158587,LA,Acadia,Zone 1,PPT,B,A,10/1/93,,,N,ANR Pipeline Company,6958581,,,,Y,C000623,20080110 15:03
S E CDP (TRANSMISSION),345116,LA,Acadia,Zone 1,PPT,B,A,7/25/02,,,N,ANR Pipeline Company,6958581,,,,Y,C000623,20080110 15:00
S E HEADSTATION,103565,LA,Acadia,Zone 1,PPT,B,A,1/1/90,,,N,ANR Pipeline Company,6958581,,,,Y,C000623,19970804 04:54
S W CDP,153905,OK,Oklahoma,Zone 4,PPT,B,A,10/1/93,,,N,ANR Pipeline Company,6958581,,,,Y,C000623,20180919 08:56
S W HEADSTATION,103702,KS,Kiowa,Zone 4,PPT,B,A,1/1/90,,,N,ANR Pipeline Company,6958581,,,,Y,C000623,19971028 20:34
S. WOODSTOCK/NGPL (DEL),3908,IL,McHenry,Zone 7,INT,D,A,1/1/83,,,Y,NGPL,6931794,,ANR/NGPL South Woodstock McHenry,6100,Y,C002096,20104030 15:00
S. WOODSTOCK/NGPL (REC),120740,IL,McHenry,Zone 7,INT,R,A,1/1/83,,,Y,NGPL,6931794,,ANR/NGPL South Woodstock McHenry,6100,Y,C002096,20100430 15:01
SCHNELLVILLE,40452,IN,Dubois,Zone 3,LDC,B,A,7/1/87,,,N,Indiana Natural Gas Co,44911683,,,,N,,20181231 10:17
SEATON,3974,IL,Mercer,Zone 6,LDC,B,A,1/1/83,,,N,Ameren Illinois Company,6936017,,,,N,,20170607 12:39
SEM GAS - GRP 1,139249,MI,Michigan,Zone 7,LDC,B,A,6/1/92,,,N,Semco Energy Inc DBA SEG,6960553,,,,N,,20010502 21:15
SEMINOLE-BUTTERMILK,261413,KS,Comanche,Zone 4,WHD,R,A,7/1/99,,,N,Continuum Midstream,86747735,,,,N,,20020926 10:27
SEMINOLE-GULF NICHOLS,217696,KS,Kiowa,Zone 4,WHD,R,A,12/11/96,,,N,Continuum Midstream,86747735,,,,N,,20031016 17:42
SEMINOLE-HANSFORD INT,261335,TX,Hansford,Zone 4,WHD,R,A,7/1/99,,,N,Continuum Midstream,86747735,,,,N,,20020926 10:24
SEMINOLE-HARPER VALLEY,261332,OK,Harper,Zone 4,WHD,R,A,7/1/99,,,N,Continuum Midstream,86747735,,,,N,,20020926 10:26
SEMINOLE-LOVEDALE,261312,OK,Harper,Zone 4,WHD,R,A,7/1/99,,,N,Continuum Midstream,86747735,,,,N,,20020926 10:26
SEMINOLE-MEADE,261343,KS,Meade,Zone 4,WHD,R,A,7/1/99,,,N,Continuum Midstream,86747735,,,,N,,20020926 10:28
SEMINOLE-N KORFMAN,261234,OK,Custer,Zone 4,WHD,R,A,7/1/99,,,N,Continuum Midstream,86747735,,,,N,,19990609 07:35
SEMINOLE-S KORFMAN,261235,OK,Custer,Zone 4,WHD,R,A,7/1/99,,,N,Continuum Midstream,86747735,,,,N,,19990608 21:23
SEMINOLE-S WHEELER,261340,TX,Wheeler,Zone 4,WHD,R,A,7/1/99,,,N,Continuum Midstream,86747735,,,,N,,20020926 10:26
SEMINOLE-TRUNK 464-0482,261262,OK,Dewey,Zone 4,WHD,R,A,7/1/99,,,N,Continuum Midstream,86747735,,,,N,,19990609 07:35
SEMINOLE-TRUNK 464-0802,261212,OK,Custer,Zone 4,WHD,R,A,7/1/99,,,N,Continuum Midstream,86747735,,,,N,,19990609 07:35
SEMINOLE-TRUNK 482-0801,261337,TX,Hemphill,Zone 4,WHD,R,A,7/1/99,,,N,Continuum Midstream,86747735,,,,N,,20020926 10:23
SEMINOLE-TRUNK 493-0801,261342,TX,Wheeler,Zone 4,WHD,R,A,7/1/99,,,N,Continuum Midstream,86747735,,,,N,,19990802 21:37
SEMINOLE-TRUNK 493-0802,261341,TX,Wheeler,Zone 4,WHD,R,I,7/1/99,,20181221,N,Continuum Midstream,86747735,,,,N,,20181227 09:34
SEMINOLE-TRUNK 496-0615,327746,OK,Custer,Zone 4,WHD,R,A,7/1/02,,,N,Continuum Midstream,86747735,,,,N,,20041117 07:20
SEMINOLE-TX COUNTY,261333,OK,Texas,Zone 4,WHD,R,A,7/1/99,,,N,Continuum Midstream,86747735,,,,N,,19990802 21:37
SEMINOLE-WOOLFOLK MASTER,394525,OK,Harper,Zone 4,WHD,R,A,8/1/04,,,N,Continuum Midstream,86747735,,,,N,,20040820 08:59
SEYMOUR IA,4859,IA,Wayne,Zone 6,LDC,B,A,1/1/83,,,N,Interstate Power & Light,6940522,,,,N,,20140131 13:41
SEYMOUR WI,28782,WI,Outagamie,Zone 7,LDC,B,A,1/1/83,,,N,Wisconsin Gas LLC,7947047,,,,N,,20160418 08:50
SHADYSIDE/SONAT (DEL),10369,LA,St Mary,Zone 1,INT,D,A,8/24/98,,,Y,Southern Natural Gas Company,6900518,,ANR/SNG Shadyside Saint Mary,604000,Y,C000021,20181002 13:38
SHADYSIDE/SONAT (REC),33400,LA,St Mary,Zone 1,INT,R,A,1/1/83,,,Y,Southern Natural Gas Company,6900518,,ANR/SNG Shadyside Saint Mary,604000,Y,C000021,20181002 13:47
SHADYSIDE/TGP (DEL),467240,LA,St Mary,Zone 1,INT,D,A,1/4/06,,,Y,Tennessee Gas P/L Co,1939164,,ANR/TGP Shadyside-St Mary,412684,Y,C000020,20101014 21:46
SHADYSIDE/TGP (REC),467239,LA,St Mary,Zone 1,INT,R,A,1/4/06,,,Y,Tennessee Gas P/L Co,1939164,,ANR/TGP Shadyside-St Mary,412684,Y,C000020,20101004 21:47
SHARON,36936,WI,Walworth,Zone 7,LDC,B,A,1/1/83,,,N,Wisconsin Electric Power,7947385,,,,N,,20180529 15:22
SHARP ROAD DELIVERY,360907,IL,Will,Zone 7,LDC,D,A,8/11/03,,,N,Peoples GL&C,6932115,,,,N,,20161228 09:10
SHARP ROAD RECEIPT,360906,IL,Will,Zone 7,LDC,R,A,9/16/03,,,N,Peoples GL&C,6932115,,,,N,,20161228 09:10
SHAWANO,28825,WI,Shawano,Zone 7,LDC,B,A,1/1/83,,,N,Wisconsin Gas LLC,7947047,,,,N,,20150508 12:53
SHEBOYGAN,28831,WI,Sheboygan,Zone 7,LDC,B,A,1/1/83,,,N,Wisconsin Public Service Co,7947435,,,,N,,20180814 14:12
SHEBOYGAN FALLS,439345,WI,Sheboygan,Zone 7,LDC,B,A,9/28/05,,,N,Wisconsin Power & Lght,7946452,,,,N,,20170928 12:09
SHERMAN PLANT,187481,TX,Hansford,Zone 4,INT,B,I,1/17/96,,20190704,N,DCP Midstream,3048753,,,,N,,20070314 17:28
SHIRLEY,4338,IN,Henry,Zone 3,LDC,B,A,1/1/83,,,N,Fountaintown Gas,75981516,,,,N,,20181218 09:06
SHOREWOOD INTERCONNECT,138675,IL,Will,Zone 7,LDC,B,A,12/1/98,,,Y,Nicor Gas Co,6927792,,Shorewood,Station 97,Y,C000600,20171027 12:57
SLAUGHTERS/TGT (DEL),6470,KY,Webster,Zone 3,INT,D,A,1/1/83,,,Y,Texas Gas Transmission LLC,115972101,,ANR-Slaughters,8082,Y,C000592,20131016 17:42
SLAUGHTERS/TGT (REC),48639,KY,Webster,Zone 3,INT,R,A,12/1/83,,,Y,Texas Gas Transmission LLC,115972101,,ANR-Slaughters,8082,Y,C000592,20091202 20:17
SOHIO,42940,OK,Roger Mills,Zone 4,INT,B,I,10/1/87,,20180919,Y,Enable Oklahoma,7205412,,ANR Sohio,32676,Y,C000960,20180919 09:01
SOMERVILLE GROUP 1,267228,TN,Fayette,Zone 2,LDC,B,A,11/1/99,,,N,Somerville Town Of,99181786,,,,N,,19991018 21:18
SOMERVILLE NORTH INT,261477,TN,Fayette,Zone 2,LDC,D,A,8/15/99,,,N,Somerville Town Of,99181786,,,,N,,20180510 13:18
SOMERVILLE SOUTH INT,261478,TN,Fayette,Zone 2,LDC,D,A,8/15/99,,,N,Somerville Town Of,99181786,,,,N,,20180510 13:18
SOUTH APPLETON,28869,WI,Winnebago,Zone 7,LDC,B,I,1/1/83,,20190328,N,Wisconsin Public Service Co,7947435,,,,N,,20181102 15:38
SOUTH BURLINGTON (IA),174792,IA,Lee,Zone 6,LDC,B,A,8/24/94,,,N,Interstate Power & Light,6940522,,,,N,,20170607 12:39
SOUTH CHESTER DEL,1260989,MI,Crawford,Zone 7,LDC,D,A,12/1/11,,,Y,Great Lakes Gas Transmission,824900229,,South Chester,11568,Y,C000628,20120404 13:32
SOUTH CHESTER REC,1260988,MI,Crawford,Zone 7,STA,R,A,12/1/11,,,Y,Great Lakes Gas Transmission,824900229,,South Chester,11568,Y,C000628,20120404 13:32
SOUTH CHRISNEY (SIGECO),138747,IN,Spencer,Zone 3,LDC,D,A,12/1/89,,,N,Southern Indiana Gas ,6937015,,,,N,,20180510 13:18
SOUTH CRAIG INTERCONNECT,284918,MO,Holt,Zone 5,LDC,B,A,11/28/00,,,N,Golden Triangle Engy Co,540617004,,,,N,,20160203 13:54
SOUTH DEFIANCE,139399,OH,Defiance,Zone 7,LDC,B,A,12/1/89,,,N,Ohio Gas Company,3779345,,,,N,,20160414 14:09
SOUTH FOND DU LAC,28697,WI,Fond Du Lac,Zone 7,LDC,B,A,1/1/83,,,N,Wisconsin Power & Lght,7946452,,,,N,,20180727 14:23
SOUTH FORT MADISON,4742,IA,Lee,Zone 6,LDC,B,A,1/1/83,,,N,Midamerican Energy Co,884718768,,,,N,,20170607 12:39
SOUTH GRAND HAVEN,11749,MI,Ottawa,Zone 7,LDC,B,A,1/1/83,,,N,Michigan Gas Utilities,622377096,,,,N,,20171221 12:45
SOUTH GRAND RAPIDS,11674,MI,Kent,Zone 7,LDC,B,A,1/1/83,,,N,DTE Gas Company,6958540,,,,N,,20181102 16:02
SOUTH HAVEN,11795,MI,Van Buren,Zone 7,LDC,B,A,1/1/83,,,N,Michigan Gas Utilities,622377096,,,,N,,20181101 15:19
SOUTH JANESVILLE,28814,WI,Rock,Zone 7,LDC,B,A,1/1/83,,,N,Wisconsin Power & Lght,7946452,,,,N,,20170719 09:39
SOUTH MADISON,36869,WI,Dane,Zone 7,LDC,B,A,1/1/83,,,N,Madison Gas & Electric,7946346,,,,N,,20190115 11:45
SOUTH MARYVILLE,13136,MO,Nodaway,Zone 6,LDC,B,A,1/1/83,,,N,Empire District Gas,625371880,,,,N,,20140131 13:30
SOUTH OSHKOSH,28866,WI,Winnebago,Zone 7,LDC,B,I,1/1/83,,20190328,N,Wisconsin Public Service Co,7947435,,,,N,,20181102 15:38
SOUTH WAUSAU,28743,WI,Marathon,Zone 7,LDC,B,A,1/1/83,,,N,Wisconsin Public Service Co,7947435,,,,N,,20181211 10:03
SOUTHEASTERN MICH,40478,MI,St Clair,Zone 7,LDC,B,A,1/15/85,,,N,Semco Energy Inc DBA SEG,6960553,,,,N,,20171005 09:20
SPARTA-MUSKEGON,40849,MI,Kent,Zone 7,LDC,B,A,10/1/93,,,N,DTE Gas Company,6958540,,,,N,,20190122 16:43
SPEARMAN,918527,TX,Ochiltree,Zone 4,WHD,R,A,1/5/10,,,N,PVR Midstream,557207763,,,,N,,20150810 15:05
ST ANTHONY,4277,IN,Dubois,Zone 3,LDC,B,A,1/1/83,,,N,Ohio Valley Gas Corp,6940274,,,,N,,20181213 10:17
ST HENRY,40453,IN,Dubois,Zone 3,LDC,B,A,1/1/87,,,N,Community Natural Gas,7814049,,,,N,,20181213 10:17
ST HENRY -EAST OHIO GAS,112029,OH,Mercer,Zone 3,LDC,B,A,2/27/90,,,N,East Ohio Gas Co,7900475,,,,N,,20181218 09:06
ST JOSEPH,11577,MI,Berrien,Zone 7,LDC,B,A,1/1/83,,,N,Michigan Gas Utilities,622377096,,,,N,,20150211 13:12
ST JOSEPH-GRP 1,139247,MO,Holt,Zone 5,LDC,B,A,11/1/92,,,N,Empire District Gas,625371880,,,,N,,20030224 14:39
ST JOSEPH-GRP 2,139367,MO,Holt,Zone 6,LDC,B,A,11/1/92,,,N,Empire District Gas,625371880,,,,N,,19991103 21:26
ST LANDRY/FL INT,322625,LA,St Landry,Zone 1,INT,B,A,5/1/02,,,Y,Florida Gas Transmission,6924518,,ANR St Landry,78303,Y,C000255,20170829 16:56
ST MARTINVILLE E TO LRC,218192,LA,St Martin,Zone 2,INT,D,A,7/28/16,,,N,Louisiana Res Pipeline,7618135,,,,N,,20160728 14:45
ST. CLOUD,139404,WI,Sheboygan,Zone 7,LDC,B,A,9/1/93,,,N,Wisconsin Public Service Co,7947435,,,,N,,20150508 12:54
ST. MARTINVILLE EAST,147977,LA,St Martin,Zone 1,INT,R,A,1/1/03,,,N,Louisiana Res Pipeline,7618135,,,,N,,20030121 10:25
STADT ROAD INTERCONNECT,956594,WI,Wood,Zone 7,END,D,A,1/31/11,,,N,Marshfield Utilities,74778119,,,,N,,20181211 10:16
STAG LAKE(ST JOSEPH CO),22992,MI,St Joseph,Zone 7,LDC,B,A,1/1/90,,,Y,Consumers Energy,6959803,,Stag lake,1503,Y,C000192,20170426 15:08
STANBERRY,12976,MO,Gentry,Zone 6,LDC,B,A,1/1/83,,,N,Stanberry City of,51688745,,,,N,,20140331 13:32
STANLEY INTERCONNECT,201846,KY,Daviess,Zone 3,LDC,D,I,1/1/97,,20190501,Y,Atmos Energy Corp,108203241,,Owensboro Stanley,521976,Y,C003008,20180510 13:18
STEVENS POINT,28794,WI,Portage,Zone 7,LDC,B,A,1/1/83,,,N,Wisconsin Public Service Co,7947435,,,,N,,20160408 08:52
STILES RANCH,924936,TX,Wheeler,Zone 4,WHD,R,I,1/4/10,,20190201,N,Markwest Oklahoma Gas,143268097,,,,N,,20160923 12:32
STINGRAY INT,135819,LA,Cameron,Zone 1,INT,B,A,5/12/94,,,Y,Stingray Pipeline Company,74202938,,ANR/Stingray Cameron,100001,Y,C000412,20160621 11:01
STORAGE AREA INJECTION,1389085,MI,Osceola,Zone 7,STR,D,A,12/1/14,,,Y,ANR Storage Company,92454453,,Deward,,Y,C000624,20141201 15:04
STORAGE AREA WITHDRAWAL,1389086,MI,Osceola,Zone 7,STR,R,A,12/1/14,,,Y,ANR Storage Company,92454453,,Deward,,Y,C000624,20141201 15:04
STOUGHTON,28684,WI,Dane,Zone 7,LDC,D,A,1/1/83,,,N,Wisconsin Power & Lght,7946452,,,,N,,20180828 09:34
SULPHUR SPRINGS,4339,IN,Henry,Zone 3,LDC,B,A,1/1/83,,,N,Fountaintown Gas,75981516,,,,N,,20181218 09:06
SUN PRAIRIE,28679,WI,Dane,Zone 7,LDC,B,A,1/1/83,,,N,Wisconsin Gas LLC,7947047,,,,N,,20190115 11:45
SURING,28773,WI,Oconto,Zone 7,LDC,B,A,1/1/83,,,N,Wisconsin Public Service Co,7947435,,,,N,,20150508 12:54
SWANTON,139401,OH,Lucas,Zone 7,LDC,B,A,10/1/92,,,N,Ohio Gas Company,3779345,,,,N,,20100120 14:38
TECHE PLANT (CLECO),218538,LA,St Mary,Zone 1,END,D,A,10/7/05,,,N,Cleco Power,6948178,,,,N,,20080422 20:16
TENNESSEE-LAFOURCHE PAR,9010,LA,Lafourche,-,LDC,D,A,6/1/89,,,N,Tennessee Gas P/L Co,1939164,,,,Y,C000020,19970703 09:49
TEPETATE,1387567,LA,Acadia,Zone 1,INT,D,A,9/13/13,,,N,Enlink Midstream,878636729,,,,N,,20181214 09:21
THREE OAKS,11574,MI,Berrien,Zone 7,LDC,B,A,1/1/83,,,N,Semco Energy Inc DBA SEG,6960553,,,,N,,20180927 17:04
THREE RIVERS,11785,MI,St Joseph,Zone 7,LDC,B,A,1/1/83,,,N,Semco Energy Inc DBA SEG,6960553,,,,N,,20170914 12:10
TIFFANY,261575,WI,Rock,Zone 7,LDC,B,A,7/15/99,,,N,Wisconsin Power & Lght,7946452,,,,N,,20180529 15:21
TIFFANY EAST,384134,WI,Rock,Zone 7,LDC,B,A,3/22/04,,,N,Wisconsin Power & Lght,7946452,,,,N,,20180711 11:56
TIGER INTERCONNECT,927982,LA,Richland,Zone 2,INT,R,A,11/1/10,,,Y,ETC Tiger Pipeline LLC,829521983,,ANR,78542,Y,C001013,20101130 15:51
TOMAHAWK,28734,WI,Lincoln,Zone 7,LDC,B,A,1/1/83,,,N,Wisconsin Public Service Co,7947435,,,,N,,20181211 10:03
TOWN HALL DR,513131,WI,Dane,Zone 7,INT,R,A,1/1/20,,,N,Dane Renew,990000028,,,,,,20200430 11:03
TRANSOK INT-ROGER MILLS,217684,TX,Wheeler,Zone 4,INT,B,A,12/11/96,,,Y,Enable Oklahoma,7205412,,ANR Roger Mills,24500,Y,C000960,20031016 17:42
TRANSOK INT-SW 1 D,217689,OK,Roger Mills,Zone 4,INT,B,A,4/6/99,,,Y,Enable Oklahoma,7205412,,ANR SW1E,24505,Y,C000960,20180919 09:00
TRENTON INTERCONNECT,218539,TN,Gibson,Zone 2,LDC,D,A,12/8/10,,,N,Gibson Co Utility Dist,43139385,,,,N,,20181009 13:08
TROY PLANT - MAUMEE,1181282,OH,Lucas,Zone 7,LDC,B,A,7/1/10,,,N,East Ohio Gas Co,7900475,,,,N,,20110125 08:30
TWIN LAKE,153799,MI,Kalkaska,Zone 7,LDC,B,A,7/1/93,,,N,DTE Gas Company,6959540,,,,N,,20070314 17:28
TWO RIVERS,28740,WI,Manitowoc,Zone 7,LDC,B,A,1/1/83,,,N,Wisconsin Public Service Co,7947435,,,,N,,20180814 14:12
UNIONVILLE,40195,MO,Putnam,Zone 6,LDC,B,A,1/1/83,,,N,Unionville City Of,23551005,,,,N,,20150709 11:42
VALDERS,28738,WI,Manitowoc,Zone 7,LDC,B,A,1/1/83,,,N,Wisconsin Public Service Co,7947435,,,,N,,20180814 14:12
VECTOR -ST JOHN/REC,360885,IN,Lake,Zone 7,INT,R,A,5/15/03,,,Y,Vector Pipeline LP,879136682,,ANR,368685,Y,C001209,20100512 14:43
VECTOR-ST JOHN/DEL,360905,IN,Lake,Zone 7,INT,D,A,5/15/03,,,Y,Vector Pipeline LP,879136682,,ANR,368685,Y,C001209,20090306 14:33
VEDO GRP-1,1400988,OH,Darke,Zone 3,LDC,B,A,5/19/15,,,N,ANR Pipeline Company,6958581,,,,N,,20150519 11:14
VENTURA/OFFSYSTEM NB,153713,IA,Hancock,-,OTH,B,A,8/1/84,,,N,ANR Pipeline Company,6958581,,,,N,,19970805 20:53
VIOLA,3976,IL,Mercer,Zone 6,LDC,B,A,1/1/83,,,N,Ameren Illinois Company,6936017,,,,N,,20170607 12:39
WAMEGO,1395865,KS,Pottawatomie,Zone 5,LDC,D,A,10/30/15,,,N,Kansas Gas SVCS (One Gas),504804202,,,,N,,20171201 12:20
WAPELLO,4750,IA,Louisa,Zone 6,LDC,B,A,1/1/83,,,N,Interstate Power & Light,6940522,,,,N,,20170607 12:39
WATERLOO,28682,WI,Dane,Zone 7,LDC,B,A,1/1/83,,,N,Wisconsin Gas LLC,7947047,,,,N,,20190115 11:45
WAUKESHA,28844,WI,Waukesha,Zone 7,LDC,B,A,1/1/83,,,N,Wisconsin Electric Power,7947385,,,,N,,20180124 07:23
WAUPACA,28859,WI,Waupaca,Zone 7,LDC,B,A,1/1/83,,,N,Wisconsin Gas LLC,7947047,,,,N,,20160408 08:47
WAUSAU,28747,WI,Marathon,Zone 7,LDC,B,A,1/1/83,,,N,Wisconsin Public Service Co,7947435,,,,N,,20181211 10:03
WAUSEON,198847,OH,Fulton,Zone 7,LDC,B,A,7/30/96,,,N,East Ohio Gas Co,7900475,,,,N,,20160414 14:10
WAYLAND IA,4689,IA,Henry,Zone 6,LDC,B,A,1/1/83,,,N,Wayland City of,52095023,,,,N,,20170607 12:39
WAYLAND MI,11567,MI,Allegan,Zone 7,LDC,D,A,9/15/11,,,N,Michigan Gas Utilities,622377096,,,,N,,20171221 12:45
WEAKLEY COUNTY INT,274229,TN,Weakley,Zone 2,END,B,A,2/28/00,,,N,Tenn Valley Auth,967537572,,,,N,,20181009 13:08
WEEKS ISLA/LIG PL,233620,LA,St Mayr,Zone 1,INT,B,A,3/1/98,,,N,Enlink LIG,41220351,,,,N,,20100423 15:02
WEST BEND,40496,WI,Washington,Zone 7,LDC,B,A,1/1/83,,,N,Wisconsin Gas LLC,7947047,,,,N,,20180327 15:13
WEST BURLINGTON,4614,IA,Des Moines,Zone 6,LDC,B,A,1/1/83,,,N,Interstate Power & Light,6940522,,,,N,,20170607 12:39
WEST GREEN BAY,28788,WI,Outagamie,Zone 7,LDC,B,A,1/1/83,,,N,Wisconsin Public Service Co,7947435,,,,N,,20150508 12:51
WEST LAKE ARTHUR,8650,LA,Jefferson Davis,Zone 1,INT,B,A,6/1/08,,,N,"Energy Projects, Inc.",504804184,,,,N,,20031016 17:42
WEST MARINETTE,28760,WI,Marinette,Zone 7,LDC,B,A,1/1/83,,,N,Wisconsin Public Service Co,7947435,,,,N,,20180601 10:15
WEST POINT,4730,IA,Lee,Zone 6,LDC,B,A,1/1/83,,,N,Midamerican Energy Co,884718768,,,,N,,20170607 12:39
WEST SHELBYVILLE,4475,IN,Shelby,Zone 3,LDC,B,A,7/1/90,,,N,Indiana Gas Company,6938211,,,,N,,20181218 09:06
WEST TEXAS GAS INT,158286,TX,Hansford,Zone 4,LDC,B,A,11/24/15,,,N,West Texas Gas Inc,60150745,,,,N,,20151124 14:31
WESTERN FARMERS ANR,951568,OK,Woodward,Zone 4,INT,B,I,2/12/10,,20181016,N,Oneok Western Trail,79453579,,,,N,,20181022 12:26
WESTON PLANT,28742,WI,Marathon,Zone 7,LDC,B,A,1/1/83,,,N,Wisconsin Public Service Co,7947435,,,,N,,20181211 10:03
WESTRICK,513105,OH,Defiance,Zone 3,INT,R,A,8/24/17,,,Y,Rover Pipeline LLC,79717714,,ANR Westrick,ANRWK,Y,C004602,20170824 09:51
WETMORE,5588,KS,Nemha,Zone 5,LDC,B,A,1/1/83,,,N,Wetmore City of,47094339,,,,N,,20140131 13:23
WEVER,4732,IA,Lee,Zone 6,LDC,B,A,1/1/83,,,N,Midamerican Energy Co,884718768,,,,N,,20170607 12:39
WEYAUWEGA,42139,WI,Waupaca,Zone 7,LDC,B,A,1/1/83,,,N,Wisconsin Gas LLC,7947047,,,,N,,20160408 08:49
WHEELER,523099,IN,Porter,Zone 7,LDC,B,A,10/10/22,,,N,NIPSCO,6937585,,,,N,,20241608 11:00
WHEELER HIDETOWN,490942,TX,Wheeler,Zone 4,WHD,R,A,4/20/07,,,N,Enbridge P/L (TX Gath),32358744,,,,N,,20180516 14:50 
WHITE PIGEON,11783,MI,St Joseph,Zone 7,LDC,B,A,1/1/83,,,N,Semco Energy Inc DBA SEG,6960553,,,,N,,20170914 12:10
WHITEHOUSE,327069,OH,Lucas,Zone 7,LDC,D,A,1/17/03,,,N,Ohio Gas Company,3779345,,,,N,,20160414 14:05
WHITETAIL,513109,MO,Putnam,Zone 6,INT,R,A,5/1/21,,,N,Roeslein Missouri,504804288,,,,N,,20210730 10:00
WHITETAIL BUYBACK,523104,MO,Putnam,Zone 6,INT,D,A,5/1/21,,,N,Roeslein Missouri,504804288,,,,N,,20210730 10:00
WI STATE BOYS SCHOOL,28700,WI,Fond Du Lac,Zone 7,LDC,B,A,1/1/83,,,N,Wisconsin Public Service Co,7947435,,,,N,,20180727 14:23
WILD ROSE,28863,WI,Waushara,Zone 7,LDC,B,A,1/1/83,,,N,Wisconsin Gas LLC,7947047,,,,N,,20180928 15:52
WILL COUNTY INT,246067,IL,Will,Zone 7,INT,B,A,12/22/98,,,Y,Northern Border,21632583,,Will County,246067,Y,C000626,20190104 17:28
WILLOW RUN (RECEIPT),139396,MI,Washtenaw,Zone 7,LDC,R,A,10/1/03,,,N,DTE Gas Company,6958540,,,,N,,20131114 12:49
WILLOW RUN(TO MICHCON),42078,MI,Washtenaw,Zone 7,LDC,B,A,1/1/83,,,N,DTE Gas Company,6958540,,,,N,,20161230 18:14
WILLSHIRE,16264,OH,Van Wert,Zone 3,LDC,D,A,1/1/83,,,N,East Ohio Gas Co,7900475,,,,N,,20170918 09:39
WINCHESTER (WEP SALES),100052,WI,Winnebago,Zone 7,LDC,B,A,12/1/89,,,N,Wisconsin Electric Power,7947385,,,,N,,20160408 08:55
WINDSOR,36870,WI,Columbia,Zone 7,LDC,B,A,1/1/83,,,N,Madison Gas & Electric,7946346,,,,N,,20141211 08:40
WINFIELD,4693,IA,Henry,Zone 6,LDC,B,A,1/1/83,,,N,Winfield City of,52173010,,,,N,,20170617 12:39
WISC EPC-GRP 1,139256,WI,Wisconsin,Zone 7,LDC,B,A,6/1/92,,,N,Wisconsin Electric Power,7947385,,,,N,,19990603 21:16
WISC GAS-GRP 1,139255,WI,Wisconsin,Zone 7,LDC,B,A,6/1/92,,,N,Wisconsin Gas LLC,7947047,,,,N,,20030225 14:05
WISC GAS-GRP 2,139376,WI,Wisconsin,Zone 7,LDC,B,A,10/1/02,,,N,Wisconsin Gas LLC,7947047,,,,N,,20031031 16:09
WISC POWER GRP 2,854822,WI,Wisconsin,Zone 7,LDC,B,A,7/1/09,,,N,Wisconsin Power & Lght,7946452,,,,N,,20090622 10:42
WISC POWER-GRP 1,139257,WI,Wisconsin,Zone 7,LDC,B,A,6/1/92,,,N,Wisconsin Power & Lght,7946452,,,,N,,19990603 21:16
WISCONSIN RAPIDS,28883,KS,Wood,Zone 7,LDC,B,A,1/1/83,,,N,Wisconsin Gas LLC,7947047,,,,N,,20181211 10:03
WOLCOTTVILLE,40190,IN,Lagrange,Zone 7,LDC,B,A,1/1/83,,,N,NIPSCO,6937585,,,,N,,20070314 17:28
WOOLFOLK-MUSKEGON,43703,MI,Mecosta,Zone 7,LDC,B,A,8/26/94,,,N,DTE Gas Company,6958540,,,,N,,20070314 17:29
WOOLFOLK-STORAGE OTHERS,40806,MI,Mecosta,Zone 7,STR,R,A,7/1/97,,,N,ANR Pipeline Company,6958581,,,,Y,C000623,19970703 09:49
WPSC - GROUP 1,139258,WI,Wisconsin,Zone 7,LDC,B,A,6/1/92,,,N,Wisconsin Public Service Co,7947435,,,,N,,20030225 14:06
WRIGHTSTOWN,28659,WI,Brown,Zone 7,LDC,B,A,1/1/83,,,N,Wisconsin Public Service Co,7947435,,,,N,,20160408 08:52
YOUNGS ROAD DELIVERY,523090,IL,Will,Zone 7,INT,D,A,3/9/18,,,Y,Northern Border Pipeline Company,21632583,,Will County,22612,Y,C000626,20181022 12:11
ZAHNS FARM REC,513134,WI,Oconto,Zone 7,RNG,R,A,10/1/22,,,Y,WI RNG HUB,990000048,,,,N,,20230131 09:30
ZAHNS FARM DEL,523111,WI,Oconto,Zone 7,RNG,D,A,10/1/22,,,Y,WI RNG HUB,990000048,,,,N,,20230131 09:30
ZEELAND INTERCONNECT,282436,MI,Ottawa,Zone 7,END,B,A,10/27/00,,,N,Zeeland Power Company,540617055,,,,N,,20181022 12:16